facility_id,facility_name,city,state,census_region,ownership_category,star_rating,years_penalized,chronic_risk_score,risk_tier,penalty_year1,penalty_slope,err_year1,err_slope,err_mean,conditions_scored_yr3,avg_conditions_scored,bed_count,operating_margin,net_patient_revenue
140304,UCHICAGO MEDICINE ADVENTHEALTH BOLINGBROOK,BOLINGBROOK,IL,Midwest,Non-Profit,3,9,0.9996625828300711,Critical,0.0058,0.0023499999999999,1.017266531040462,-0.0031170030867981,1.0294625869327292,5,4.875,114.0,-0.1683,228831243.0
140054,MACNEAL  HOSPITAL,BERWYN,IL,Midwest,For-Profit,3,9,0.9996483908917246,Critical,0.016,-0.00355,1.0751127563446112,-0.0073294349582022,1.0345008036648518,6,5.75,268.0,0.2961,433616225.0
670098,RESOLUTE HEALTH HOSPITAL,NEW BRAUNFELS,TX,South,For-Profit,4,9,0.9996184288712,Critical,0.0093,0.0037499999999999,1.0532053858102304,-0.0020395951351599,1.0579334289613636,5,4.875,121.0,0.1659,147683898.0
240084,ESSENTIA HEALTH VIRGINIA,VIRGINIA,MN,Midwest,Government,4,9,0.999570424520115,Critical,0.0092,-0.0001,1.0202983094062257,-0.0030956794148748,1.0180544646559526,5,4.875,49.0,0.0191,152760460.0
150008,ST CATHERINE HOSPITAL INC,EAST CHICAGO,IN,Midwest,Non-Profit,4,9,0.999463563078134,Critical,0.0018,0.0004499999999999,0.994489845334384,0.0003659735172867,1.0081400381566574,6,5.875,128.0,-0.1331,166750844.0
450379,DALLAS MEDICAL CENTER,DALLAS,TX,South,For-Profit,3,9,0.999459365390384,Critical,0.0062,-0.0014,1.039937651903369,-0.0004363502255723,1.0202249745342078,5,4.875,119.0,-0.1443,58559350.0
150088,ASCENSION ST VINCENT ANDERSON,ANDERSON,IN,Midwest,Non-Profit,2,9,0.9994582802406986,Critical,0.0283,-0.0131499999999999,1.051657531290332,0.0080995331581579,1.018128131327208,5,4.875,136.0,-0.0407,190608248.0
50278,PROVIDENCE HOLY CROSS MEDICAL CENTER,MISSION HILLS,CA,West,Non-Profit,4,8,0.9994382071116928,Critical,0.0073,-0.0002999999999999,0.9670816871832684,0.0060816402463769,1.0074926378492797,6,5.875,297.0,0.028,631815697.0
360145,UNIVERSITY HOSPITALS - ELYRIA MEDICAL CENTER,ELYRIA,OH,Midwest,Non-Profit,4,9,0.9994338477584104,Critical,0.019,-0.0024499999999999,1.0886674122737483,-0.0150352329321787,1.0135753480980194,6,5.875,197.0,-0.0346,221363233.0
420049,CONWAY MEDICAL CENTER,CONWAY,SC,South,Non-Profit,2,9,0.9994160713258692,Critical,0.0137,-0.00565,1.0033096325519313,0.0043655056155961,0.993662236032119,5,4.875,163.0,-0.1893,329348232.0
360079,KETTERING HEALTH MAIN CAMPUS,KETTERING,OH,Midwest,Non-Profit,3,9,0.9994142849542228,Critical,0.0058,-0.0011499999999999,0.9902136856232404,0.0081523368950099,0.9898782338703074,6,5.875,407.0,0.0219,759324003.0
10131,CRESTWOOD MEDICAL CENTER,HUNTSVILLE,AL,South,For-Profit,3,9,0.9994132417864736,Critical,0.0269,0.0015499999999999,1.0781342118182613,-0.0160132579569066,1.0388023655856684,5,5.125,157.0,0.13,278607019.0
330175,GUTHRIE CORTLAND REGIONAL MEDICAL CENTER,CORTLAND,NY,Northeast,Non-Profit,3,9,0.9994012750619666,Critical,0.0198,-0.0059,1.0399557006915094,-0.0013178449819564,1.0109483067865452,5,4.875,84.0,0.0874,150366053.0
300029,PORTSMOUTH REGIONAL HOSPITAL,PORTSMOUTH,NH,Northeast,For-Profit,3,9,0.999378749928088,Critical,0.0187,-0.00615,1.0338144063437218,-0.0016538153562704,0.9982524332570872,6,5.875,189.0,0.5739,414737185.0
330056,BROOKLYN HOSPITAL CENTER - DOWNTOWN CAMPUS,BROOKLYN,NY,Northeast,Non-Profit,2,9,0.9993575430524684,Critical,0.0178,-0.0055,1.12358176204375,-0.0172601169013803,1.0421517037402706,5,4.875,236.0,-0.2557,429987997.0
310009,CLARA MAASS MEDICAL CENTER,BELLEVILLE,NJ,Northeast,Non-Profit,3,9,0.9993483806554252,Critical,0.004,-0.0002999999999999,0.971328729283251,0.0049766023213654,0.983352777966558,5,4.875,267.0,-0.011,384810668.0
340068,COLUMBUS REGIONAL HEALTHCARE SYSTEM,WHITEVILLE,NC,South,Non-Profit,1,9,0.9993332635514984,Critical,0.0045,-0.0010999999999999,1.0611601776775572,0.0011460700302682,1.027417638344435,5,4.875,154.0,0.1791,163353559.0
340099,VIDANT ROANOKE CHOWAN HOSPITAL,AHOSKIE,NC,South,Non-Profit,2,9,0.9992725967612034,Critical,0.0204,-0.009,1.0780319138407382,-0.003266614723162,1.027122735901395,5,4.875,50.0,-0.0971,87613793.0
250082,DELTA HEALTH SYSTEM - THE MEDICAL CENTER,GREENVILLE,MS,South,Government,1,9,0.9992698035169104,Critical,0.0019,0.0004499999999999,0.9892908953479914,0.0137702958512071,1.0425622595199424,5,5.0,82.0,-0.1344,133273484.0
70029,BRISTOL HOSPITAL,BRISTOL,CT,Northeast,Non-Profit,2,9,0.9992387725731438,Critical,0.0132,0.0045499999999999,1.0641180669123578,-0.0119603769784767,1.051064736291102,5,4.875,123.0,-0.0103,163369466.0
30092,HONORHEALTH DEER VALLEY MEDICAL CENTER,PHOENIX,AZ,West,Non-Profit,3,9,0.9992308840230522,Critical,0.0068,0.0003,1.000940074710179,0.0018882699023841,0.9885166722369794,6,5.875,204.0,0.0741,450101119.0
140127,CARLE BROMENN MEDICAL CENTER,NORMAL,IL,Midwest,Non-Profit,3,9,0.9992145365679324,Critical,0.0014,-5.000000000000031e-05,0.9495380253819976,0.0193334206302351,0.9944930938105488,6,5.875,206.0,0.0682,260528779.0
50211,ALAMEDA HOSPITAL,ALAMEDA,CA,West,Government,4,9,0.9992114327363772,Critical,0.0105,-0.0026,1.006016493028463,0.0008719256792562,1.0150238956641728,5,4.875,66.0,-0.474,123281305.0
50557,MEMORIAL MEDICAL CENTER,MODESTO,CA,West,Non-Profit,3,9,0.9992102524972024,Critical,0.0018,0.0008,0.9798629139605652,0.0098894907187153,0.996481941576752,6,5.875,403.0,0.0926,955137045.0
450072,CHI ST LUKE'S HEALTH BRAZOSPORT,LAKE JACKSON,TX,South,Non-Profit,4,9,0.9992070575725668,Critical,0.005,0.0010499999999999,0.9880033400494292,0.0050205719369999,0.9926202525242132,5,4.875,80.0,0.0697,106304483.0
490114,LONESOME PINE HOSPITAL,BIG STONE GAP,VA,South,Non-Profit,4,9,0.9992053709656662,Critical,0.0128,0.0012,1.0484794795883228,-0.0090093663368377,1.0247315876935312,5,4.875,49.0,0.1062,183606248.0
360025,FIRELANDS REGIONAL MEDICAL CENTER,SANDUSKY,OH,Midwest,Non-Profit,4,9,0.9991812821064876,Critical,0.002,-0.0001,0.9552019603192078,0.0098768522130382,0.9852050623635966,6,5.875,149.0,-0.0944,257567464.0
100321,ASCENSION ST VINCENT'S CLAY COUNTY,MIDDLEBURG,FL,South,Non-Profit,3,9,0.9991577449780098,Critical,0.03,-0.0076999999999999,1.0873228234373482,-0.0060550402231183,1.008010821048182,5,4.875,126.0,0.0314,156392145.0
370020,MERCY HOSPITAL ADA,ADA,OK,South,Non-Profit,4,8,0.9991198750281884,Critical,0.0104,-0.00375,1.0412544530545975,-0.0057274361620497,1.0068407525288163,5,4.875,108.0,0.0572,143910384.0
190053,OCHSNER AMERICAN LEGION HOSPITAL,JENNINGS,LA,South,Non-Profit,2,9,0.999118791590734,Critical,0.0189,-0.0078,1.0149871970004036,0.0083252191711327,1.0094663698094848,5,4.75,49.0,-0.2605,60630526.0
310096,SAINT MICHAEL'S MEDICAL CENTER,NEWARK,NJ,Northeast,Non-Profit,4,9,0.9990890679056608,Critical,0.008,0.0006499999999999,1.0491609403375064,-0.0106034645266391,1.0303866477443926,6,5.875,110.0,-0.1391,155998184.0
50077,SCRIPPS MERCY HOSPITAL,SAN DIEGO,CA,West,Non-Profit,4,9,0.999082077094278,Critical,0.0105,-0.0012,1.08730013151839,-0.0176060144401648,1.0325138027957814,6,5.875,545.0,-0.1577,1140520667.0
180051,JENNIE STUART MEDICAL CENTER,HOPKINSVILLE,KY,South,Non-Profit,1,9,0.9990634488751896,Critical,0.0178,-0.00665,1.0679933902973218,0.0069144847196959,1.0195644202404246,5,4.875,106.0,0.004,221643561.0
120026,PALI MOMI MEDICAL CENTER,AIEA,HI,West,For-Profit,4,8,0.9990581967279614,Critical,0.0035,-0.0009,1.0216945381079972,0.0037351041767441,0.9972494990705274,5,4.875,118.0,-0.0231,349444796.0
310115,AHS HOSPITAL CORP,HACKETTSTOWN,NJ,Northeast,Non-Profit,4,9,0.998998643006375,Critical,0.0131,-0.0050499999999999,1.0436547258324702,-0.0019633589960926,1.0058981243349847,5,4.875,93.0,0.0204,146127267.0
360075,UH REGIONAL HOSPITALS,CHARDON,OH,Midwest,For-Profit,4,8,0.9989835516087542,Critical,0.0043,-0.0015499999999999,1.0148780050346369,0.0006048905723112,1.0062416674522208,5,4.875,98.0,0.0862,209458265.0
50116,NORTHRIDGE HOSPITAL MEDICAL CENTER,NORTHRIDGE,CA,West,Non-Profit,4,8,0.9989635652234324,Critical,0.0065,-0.0003,0.991854237501448,-0.0036105368800109,0.9900602431309092,6,5.875,319.0,0.0381,573313729.0
340050,SOUTHEASTERN REGIONAL MEDICAL CENTER,LUMBERTON,NC,South,Non-Profit,2,9,0.9989519260955876,Critical,0.0262,-0.0065,1.1728927363268884,-0.0231156156184428,1.059019229100036,6,5.875,189.0,0.0729,345536131.0
330193,FLUSHING HOSPITAL MEDICAL CENTER,FLUSHING,NY,Northeast,Non-Profit,2,9,0.9988683738590012,Critical,0.0216,-0.0058,1.087253642490366,-0.0163141193435638,1.0398543940534166,5,4.875,247.0,-0.0204,390230394.0
490042,CARILION NEW RIVER VALLEY MEDICAL CENTER,CHRISTIANSBURG,VA,South,Non-Profit,4,9,0.9988614277018047,Critical,0.0027,0.0026499999999999,1.0118124590870614,-0.0063123017681535,1.005716854045554,5,4.875,88.0,0.1296,344511587.0
420051,MCLEOD REGIONAL MEDICAL CENTER-PEE DEE,FLORENCE,SC,South,Non-Profit,3,9,0.9988607062720752,Critical,0.0016,0.0019499999999999,0.9785002483747666,0.0055401499256764,0.9772563772320906,6,5.875,524.0,0.0274,1183182410.0
450890,BAYLOR SCOTT & WHITE MEDICAL CENTER PLANO,PLANO,TX,South,Non-Profit,4,9,0.998854777125069,Critical,0.0025,-0.0001,0.99563787128825,0.000119742425671,0.9778216563688236,5,4.875,150.0,0.1071,294982461.0
110002,UPSON REGIONAL MEDICAL CENTER,THOMASTON,GA,South,Non-Profit,1,9,0.9987715943549428,Critical,0.0031,-0.00115,1.0085502560670607,0.0073257360617771,1.010661297400878,5,4.875,81.0,-0.0252,122461141.0
450128,KNAPP MEDICAL CENTER,WESLACO,TX,South,Non-Profit,5,9,0.9987201391009348,Critical,0.0014,0.0028,0.9792064534746162,-0.0032641421728625,1.0296104222777789,5,4.875,154.0,0.058,119353215.0
140182,ADVOCATE ILLINOIS MASONIC MEDICAL CENTER,CHICAGO,IL,Midwest,Non-Profit,3,9,0.998708675253524,Critical,0.0076,-0.0029,1.0622677874317417,-0.0049077915066619,1.018570005098959,6,5.875,255.0,0.1533,865963701.0
110091,PIEDMONT ROCKDALE HOSPITAL,CONYERS,GA,South,For-Profit,3,9,0.9986874659582408,Critical,0.0056,-0.0013,1.0284089916787296,-0.0036066284415711,1.00103495476342,5,4.875,181.0,0.0742,265398319.0
520113,AURORA MEDICAL CENTER BAY AREA,MARINETTE,WI,Midwest,Non-Profit,4,9,0.9986731821996524,Critical,0.0041,0.0001499999999999,1.0160614038953202,0.0052339938717231,1.0168668413304531,5,4.875,60.0,-0.0576,103145560.0
230059,MERCY HEALTH SAINT MARY'S,GRAND RAPIDS,MI,Midwest,Non-Profit,3,9,0.998666131153358,Critical,0.0032,0.0034,0.9660035485468792,-0.0011777770675278,0.9872722213558311,5,5.25,273.0,-0.177,768208887.0
390002,UPMC MCKEESPORT HOSPITAL,MC KEESPORT,PA,Northeast,Non-Profit,3,9,0.998658109497136,Critical,0.0018,0.0011499999999999,0.9930747874398926,0.0009687757433987,1.0118683374245545,5,4.625,123.0,-0.2689,132858156.0
140200,ELMHURST MEMORIAL HOSPITAL,ELMHURST,IL,Midwest,For-Profit,3,9,0.9986288630328548,Critical,0.0101,-0.00285,1.0206769522876034,-0.0029630249091506,0.9807704534613614,6,5.875,258.0,0.1881,649228077.0
10040,GADSDEN REGIONAL MEDICAL CENTER,GADSDEN,AL,South,For-Profit,2,9,0.9986278894143452,Critical,0.0197,0.0004499999999999,1.0948226652422983,-0.0214877444349098,1.0357914487091089,6,5.875,195.0,0.0543,185491247.0
330396,WOODHULL MEDICAL & MENTAL HEALTH CENTER,BROOKLYN,NY,Northeast,Government,2,9,0.9985927046022096,Critical,0.0083,-0.0021499999999999,1.0667590786622394,-0.0105458050844257,1.023709064330898,5,4.875,221.0,-0.1975,567882763.0
240040,RANGE REGIONAL HEALTH SERVICES,HIBBING,MN,Midwest,Non-Profit,4,7,0.9984833515420896,Critical,0.0021,-0.00045,1.0077661717345898,0.001135679236677,1.005153200248825,5,4.875,73.0,-0.1538,131244001.0
250096,CROSSGATES RIVER OAKS HOSPITAL,BRANDON,MS,South,For-Profit,2,9,0.9983704439328608,Critical,0.014,-0.00495,1.060896147664855,-0.004715718177186,1.028353555270604,5,4.75,86.0,-0.3743,27998154.0
140223,ADVOCATE LUTHERAN GENERAL HOSPITAL,PARK RIDGE,IL,Midwest,Non-Profit,4,9,0.998251267348733,Critical,0.0014,0.00095,0.985417877495168,-0.0014931983034228,0.967836838636239,6,5.875,563.0,0.1592,1299287809.0
50230,GARDEN GROVE HOSPITAL & MEDICAL CENTER,GARDEN GROVE,CA,West,For-Profit,2,9,0.9982358604512672,Critical,0.001,0.0016999999999999,0.9979978359861026,0.0039044243218804,1.012217150739907,5,4.75,167.0,-0.2989,60149488.0
140258,ALEXIAN BROTHERS MEDICAL CENTER 1,ELK GROVE VILLAGE,IL,Midwest,Non-Profit,3,9,0.9982307417149082,Critical,0.0099,-0.00465,1.001216325298575,0.0013488582367643,0.9692946451924732,6,5.875,282.0,-0.11,464964075.0
50228,ZUCKERBERG SAN FRANCISCO GENERAL HOSP & TRAUMA CTR,SAN FRANCISCO,CA,West,Government,2,9,0.9982208284284594,Critical,0.001,-0.00015,1.0153860477870098,0.0162367577956327,1.0377050299790986,5,4.875,284.0,-0.4423,1059024754.0
50329,CORONA REGIONAL MEDICAL CENTER,CORONA,CA,West,For-Profit,3,6,0.9982162855482726,Critical,0.0065,-0.0019999999999999,1.0306808782728678,-0.0040327067771022,1.0020512338481553,6,5.5,160.0,0.0371,272705585.0
50455,ADVENTIST HEALTH BAKERSFIELD,BAKERSFIELD,CA,West,Non-Profit,2,7,0.998199380695314,Critical,0.0026,-0.00065,0.9994568289588676,0.0017776249672841,0.9826401471151904,6,5.875,254.0,-0.0545,696438352.0
10129,NORTH BALDWIN INFIRMARY,BAY MINETTE,AL,South,Non-Profit,3,9,0.9981680688603332,Critical,0.0064,0.0012,1.0232870900137114,-0.002411469105758,1.0208116815249455,4,4.75,30.0,0.1015,121030989.0
390139,BRYN MAWR HOSPITAL,BRYN MAWR,PA,Northeast,Non-Profit,5,9,0.9980994458850316,Critical,0.0007,-0.00025,0.9536772245320956,0.0148812775113669,0.9732847212004736,5,5.25,244.0,0.008,460238373.0
450124,DELL SETON  MED CENTER AT THE UNIVERSITY OF TX,AUSTIN,TX,South,Non-Profit,4,9,0.9980906048789416,Critical,0.0011,0.0001,1.0186001106647595,-0.0006301117027475,1.0132623343699936,5,4.875,240.0,0.0125,543791629.0
250050,BAPTIST MEMORIAL HOSPITAL-OKTIBBEHA COUNTY,STARKVILLE,MS,South,Government,2,9,0.998043090139046,Critical,0.0056,0.0026999999999999,1.0126154219607728,3.099270108207053e-05,1.0223274472207518,5,4.875,88.0,-0.1846,59128177.0
490040,INOVA ALEXANDRIA HOSPITAL,ALEXANDRIA,VA,South,Non-Profit,5,9,0.9979524753489056,Critical,0.015,-0.0036,1.0362307551443075,-0.0057599012024391,0.9841970736099764,6,5.5,303.0,0.352,563643354.0
500051,OVERLAKE HOSPITAL MEDICAL CENTER,BELLEVUE,WA,West,Non-Profit,2,9,0.9978747171444688,Critical,0.0002,0.0023499999999999,0.9696418002367984,0.0084393661229875,0.9914647527264008,6,5.875,303.0,-0.0889,806134615.0
360080,EAST OHIO REGIONAL HOSPITAL,MARTINS FERRY,OH,Midwest,Non-Profit,2,9,0.9978612485418344,Critical,0.0076,-0.00055,1.0230739890827318,0.0030107020338839,1.0175533224194262,5,4.857142857142857,28.0,-0.4421,37331352.0
50150,SIERRA NEVADA MEMORIAL HOSPITAL,GRASS VALLEY,CA,West,Non-Profit,3,9,0.9977916410740232,Critical,0.0049,-0.00185,1.0075708531283565,0.0052872968255421,0.9954341313448614,5,4.875,104.0,0.0515,214188598.0
490017,BON SECOURS MARYVIEW MEDICAL CENTER,PORTSMOUTH,VA,South,Non-Profit,3,9,0.9975026269895648,Critical,0.0057,-0.0011,0.973734927088708,0.0034204327957233,0.9707569639777152,6,5.875,176.0,0.0473,377192174.0
290007,UNIVERSITY MEDICAL CENTER,LAS VEGAS,NV,West,Non-Profit,2,9,0.99745997815175,Critical,0.0022,-0.001,1.0154225073526584,0.0087630226779931,1.0081941129153584,6,5.875,490.0,-0.0239,1030335350.0
110107,ATRIUM HEALTH NAVICENT THE MEDICAL CENTER,MACON,GA,South,Government,2,9,0.9974541875971024,Critical,0.0046,0.0029499999999999,1.0028173249462935,-0.0027913115341904,1.0203383940028816,6,5.875,673.0,0.0275,912676248.0
490038,SMYTH COUNTY COMMUNITY HOSPITAL,MARION,VA,South,Non-Profit,3,9,0.997426460438944,Critical,0.0113,-0.0042999999999999,1.0245881730852582,0.0018589300182361,1.0131316572755271,5,4.875,17.0,0.0161,50490790.0
330399,ST BARNABAS HOSPITAL,BRONX,NY,Northeast,Non-Profit,1,9,0.9973554785760396,Critical,0.0031,-0.0014,1.0314157533906887,-0.0005467039141719,1.0111213147599094,5,4.875,283.0,-0.1667,496361647.0
100107,HCA FLORIDA LEHIGH HOSPITAL,LEHIGH ACRES,FL,South,For-Profit,2,9,0.9973485168570264,Critical,0.0132,-0.0021,1.057373527862805,-0.0069111859154344,1.018448389748138,5,4.5,53.0,0.2156,54454239.0
170074,"STORMONT VAIL HEALTH FLINT HILLS, LLC",JUNCTION CITY,KS,Midwest,Non-Profit,4,9,0.997270959518082,Critical,0.0069,-0.00015,1.03017696998386,-0.0023299632219114,1.0094983635823498,5,4.875,43.0,0.1028,57614661.0
390180,CROZER CHESTER MEDICAL CENTER,UPLAND,PA,Northeast,Non-Profit,1,9,0.9972465352460758,Critical,0.0014,-0.0005499999999999,0.9797100643158928,0.0072140468050845,0.9793891067303772,6,5.875,296.0,-0.4726,374060989.0
110003,Memorial Satilla Health,WAYCROSS,GA,South,Non-Profit,3,9,0.9969287724424534,Critical,0.017,-0.0042999999999999,1.0999548649173432,-0.0202961972739057,1.0463812071464678,5,4.875,130.0,0.0558,135545171.0
490136,BON SECOURS ST FRANCIS MEDICAL CENTER,MIDLOTHIAN,VA,South,Non-Profit,3,8,0.9968087990419596,Critical,0.0073,-0.0035,0.9489913985939424,0.0117218337976031,0.9517858894138932,5,4.875,137.0,0.0871,359430438.0
360143,MARYMOUNT HOSPITAL,GARFIELD HEIGHTS,OH,Midwest,Non-Profit,5,9,0.9966295332610584,Critical,0.0111,-0.00405,1.0466178743475745,-0.0054299915228962,0.9980160419952254,5,4.875,188.0,-0.0413,199261674.0
100307,ASCENSION ST VINCENT'S SOUTHSIDE,JACKSONVILLE,FL,South,Non-Profit,4,9,0.9966213008223488,Critical,0.0211,0.0044499999999999,1.0097222893652873,-0.0086028521729728,1.0034783619463763,5,4.875,227.0,-0.2447,378983769.0
520075,ST VINCENT HOSPITAL,GREEN BAY,WI,Midwest,Non-Profit,4,7,0.996615213566564,Critical,0.0008,-0.0001,0.9492962422151836,0.0061412015626371,0.9611399952628964,6,5.875,210.0,0.0235,742843099.0
390160,CANONSBURG GENERAL HOSPITAL,CANONSBURG,PA,Northeast,Non-Profit,3,9,0.996564510240898,Critical,0.009,-0.0026999999999999,1.018325046380517,-0.0010511778745264,1.0086850347677203,5,4.875,88.0,0.0887,72681450.0
180141,UNIVERSITY OF LOUISVILLE HOSPITAL,LOUISVILLE,KY,South,Non-Profit,1,9,0.9965191372853346,Critical,0.0009,-0.0001499999999999,1.0156556455494623,-0.0008302246584908,1.00581639444965,5,4.875,333.0,-0.0035,966980206.0
390091,UPMC NORTHWEST,SENECA,PA,Northeast,Non-Profit,4,9,0.9964382271502812,Critical,0.0081,-0.0003999999999999,1.0036209405208003,-0.0026650198480442,0.9905600200548764,5,4.875,138.0,-0.0903,164510553.0
340171,NOVANT HEALTH MATTHEWS MEDICAL CENTER,MATTHEWS,NC,South,Non-Profit,5,7,0.9963133585310044,Critical,0.0092,-0.0029999999999999,0.9758515115226332,0.005586406763804,0.9597439763087612,5,4.875,157.0,0.1921,325296023.0
390116,SUBURBAN COMMUNITY HOSPITAL,NORRISTOWN,PA,Northeast,Non-Profit,4,8,0.9961712883480895,Critical,0.0016,0.0011999999999999,0.9888395652880412,0.0021272608967997,1.0072333585919913,5,4.5,60.0,-0.7276,26976931.0
520088,SSM HEALTH ST AGNES HOSPITAL-FOND DU LAC,FOND DU LAC,WI,Midwest,Non-Profit,4,9,0.9960967705537476,Critical,0.0029,0.0003499999999999,0.957352586015373,0.0008680246417171,0.9770181089362516,6,5.875,105.0,0.1223,398269815.0
390006,GEISINGER MEDICAL CENTER,DANVILLE,PA,Northeast,Non-Profit,4,8,0.996043335371677,Critical,0.002,-0.0008999999999999,0.9722894846178392,0.0037748959432237,0.9516648470327164,6,5.875,562.0,0.1294,2099679695.0
120005,HILO BENIOFF MEDICAL CENTER,HILO,HI,West,Government,3,8,0.9960088766920496,Critical,0.003,-0.0004,0.9992605875364818,0.001673708008026,0.9857013730549256,5,4.875,194.0,-0.1813,316785734.0
250006,BAPTIST MEMORIAL HOSPITAL UNION COUNTY,NEW ALBANY,MS,South,Non-Profit,4,9,0.9959796936725952,Critical,0.0033,4.999999999999954e-05,0.9864568601710229,0.0047763631849516,0.9914761804206956,5,4.5,74.0,0.1736,231940691.0
50736,MONTEREY PARK HOSPITAL,MONTEREY PARK,CA,West,For-Profit,2,8,0.995853122272758,Critical,0.0046,-0.00135,1.031374582378181,-0.005224347559975,1.0059716469822877,5,4.875,101.0,0.041,112577700.0
190065,BATON ROUGE GENERAL MEDICAL CENTER,BATON ROUGE,LA,South,Non-Profit,3,9,0.995621954726996,Critical,0.0084,0.0012999999999999,1.0197833938015857,-0.0030149760200061,0.9764140319976488,6,5.875,263.0,-0.1025,510506815.0
50158,ENCINO HOSPITAL MEDICAL CENTER,ENCINO,CA,West,For-Profit,3,8,0.9955571740042352,Critical,0.0089,-0.0036499999999999,1.0217609359347302,-0.0035431954736939,1.011177299715893,4,4.75,82.0,-0.0692,56131338.0
10045,FAYETTE MEDICAL CENTER,FAYETTE,AL,South,Non-Profit,4,9,0.9955325944172936,Critical,0.0182,-0.0062,1.0516874871055508,-0.0038321582602718,1.0060347673575638,4,3.25,25.0,-0.2795,26121744.0
110083,"PIEDMONT HOSPITAL, INC",ATLANTA,GA,South,Government,4,9,0.9954410991885692,Critical,0.004,-0.0009499999999999,0.961449524161501,-0.0006079123309921,0.9781624777263016,6,5.875,593.0,0.1017,1671357815.0
160047,METHODIST JENNIE EDMUNDSON,COUNCIL BLUFFS,IA,Midwest,Non-Profit,3,9,0.9953116339798048,Critical,0.0004,0.0027499999999999,0.9442294758299978,0.0016795218731164,0.9753994211895892,5,4.875,117.0,0.0305,156698000.0
140124,JOHN H STROGER JR HOSPITAL,CHICAGO,IL,Midwest,Government,2,9,0.9952320515050956,Critical,0.0032,0.0003499999999999,1.059887164900262,-0.0107287998704635,1.0398938572938676,6,5.625,429.0,-1.6807,485254272.0
390111,HOSPITAL OF UNIV OF PENNSYLVANIA,PHILADELPHIA,PA,Northeast,Non-Profit,5,8,0.9951976938263162,Critical,0.0005,0.0002999999999999,0.9534790195428248,0.0030927548635057,0.9691098569080128,5,5.5,1002.0,-0.1818,4004776719.0
390204,NAZARETH HOSPITAL,PHILADELPHIA,PA,Northeast,Non-Profit,2,9,0.9950971944024118,Critical,0.0052,-0.0025,1.0182453127146045,0.0042476745380778,0.9992493748603548,5,4.875,132.0,-0.2038,155721513.0
50110,LOMPOC VALLEY MEDICAL CENTER,LOMPOC,CA,West,Government,1,9,0.994999419201644,Critical,0.002,0.00285,0.9984533892727624,-0.0023949318971279,1.006367554234776,5,4.875,60.0,0.0083,169979500.0
310028,NEWTON MEDICAL CENTER,NEWTON,NJ,Northeast,Non-Profit,4,9,0.9949681292612108,Critical,0.0092,-0.0001999999999999,1.035286064981551,-0.0109456001452733,1.006940850721625,5,4.875,139.0,0.0143,225135479.0
100285,MEMORIAL HOSPITAL MIRAMAR,MIRAMAR,FL,South,Government,5,7,0.9948786403565744,Critical,0.0035,-0.0015499999999999,1.0160446933394816,0.0011338411851601,0.9909028935762856,5,4.875,178.0,0.0,0.0
150017,LUTHERAN HOSPITAL OF INDIANA,FORT WAYNE,IN,Midwest,For-Profit,3,6,0.9947348684429408,Critical,0.0015,-0.0001,0.9574116180195116,-0.0001812380918049,0.963268919530313,6,5.875,327.0,0.0106,554659215.0
330127,JACOBI MEDICAL CENTER,BRONX,NY,Northeast,Government,2,9,0.9947332238638944,Critical,0.0023,-0.0004,1.0559801407714482,-0.0028487004544609,1.0303401632959843,5,4.5,440.0,-0.5628,952530739.0
190036,OCHSNER MEDICAL CENTER ACUTE,NEW ORLEANS,LA,South,Non-Profit,4,9,0.9946883403359468,Critical,0.0061,-0.0004,1.0662107859147818,-0.010301818097999,1.0112481644297189,6,5.875,955.0,-0.0479,2516198632.0
390138,WELLSPAN WAYNESBORO HOSPITAL,WAYNESBORO,PA,Northeast,Non-Profit,4,9,0.993877782998204,Critical,0.0096,-0.0001999999999999,1.029841487445731,-0.0056266528993951,1.0134766923763148,4,4.0,57.0,0.2072,105121222.0
140034,SSM HEALTH ST MARY'S HOSPITAL -CENTRALIA,CENTRALIA,IL,Midwest,Non-Profit,3,7,0.9938710496006607,Critical,0.0204,-0.0098999999999999,1.037815539771491,-0.0005916989522823,0.9963899247233282,5,4.875,92.0,0.2782,134057748.0
520116,WATERTOWN MEMORIAL HOSPITAL,WATERTOWN,WI,Midwest,Non-Profit,3,9,0.9936334797402764,Critical,0.0023,0.00035,0.9463251561726944,0.0078325777721799,0.9641295026219056,5,4.875,76.0,0.0281,113544748.0
340109,SENTARA ALBEMARLE MEDICAL CENTER,ELIZABETH CITY,NC,South,Government,3,9,0.99362086678789,Critical,0.006,-0.00155,0.978373443362168,0.0006967030247449,0.9914746934926154,5,4.875,98.0,0.0387,194022094.0
140286,NORTHWESTERN MEDICINE KISHWAUKEE HOSPITAL,DEKALB,IL,Midwest,Non-Profit,5,9,0.9933723217504096,Critical,0.0096,0.0013,1.0232888458149156,-0.0102010825488873,1.010272730554295,5,5.25,98.0,0.2855,425919094.0
50122,DAMERON HOSPITAL,STOCKTON,CA,West,Non-Profit,2,7,0.9932858429181206,Critical,0.0035,0.0058499999999999,0.9890730465332966,-0.0017894012082544,0.9845205755414516,6,5.875,170.0,-0.3341,124600464.0
340042,ONSLOW MEMORIAL HOSPITAL,JACKSONVILLE,NC,South,Government,1,9,0.993279788920753,Critical,0.0149,-0.0029,1.053000327301079,-0.0115625986115232,1.0192381659679155,5,4.875,162.0,0.1588,227546292.0
110165,SOUTHERN REGIONAL MEDICAL CENTER,RIVERDALE,GA,South,Non-Profit,1,9,0.9923257298033448,Critical,0.0054,0.0008999999999999,1.037831470978261,-0.0066453090350593,1.0341830679262165,5,4.875,233.0,0.0526,140964418.0
490032,MEDICAL COLLEGE OF VIRGINIA HOSPITALS,RICHMOND,VA,South,Government,4,9,0.9921837589421432,Critical,0.0027,-0.0007,1.014316969822705,-0.0009493846212829,0.9714878391557124,6,5.875,865.0,0.0273,2770645397.0
50239,GLENDALE ADVENTIST MEDICAL CENTER,GLENDALE,CA,West,Non-Profit,4,9,0.9920718979746984,Critical,0.0193,-0.0062999999999999,1.0696043332917828,-0.0167509368124964,1.00258387567053,6,5.875,318.0,-0.1602,560373831.0
50279,HI-DESERT MEDICAL CENTER,JOSHUA TREE,CA,West,Government,2,9,0.992020201679735,Critical,0.0114,-0.0043499999999999,1.0494432771503257,-0.0059520862285103,1.0113226915892557,5,4.875,55.0,0.0219,87281852.0
490090,"SOUTHSIDE COMMUNITY HOSPITAL, INC",FARMVILLE,VA,South,Non-Profit,4,9,0.9918160888323656,Critical,0.0025,0.0013999999999999,0.9877606848769092,0.0042295029674919,1.0093438158484371,5,4.875,77.0,0.0274,112775395.0
390028,UPMC MERCY,PITTSBURGH,PA,Northeast,Non-Profit,4,9,0.9917055427222644,Critical,0.0051,-0.0021,1.0404435751819272,-0.0078792914416751,1.0103198697592144,6,5.375,335.0,-0.3067,469004859.0
340113,CAROLINAS MEDICAL CENTER/BEHAV HEALTH,CHARLOTTE,NC,South,Government,4,9,0.991650911118506,Critical,0.0002,0.00025,0.9520088609250092,0.0124833448981628,0.9534512500912512,6,5.875,1243.0,0.0226,4075132959.0
260162,BARNES-JEWISH WEST COUNTY HOSPITAL,CREVE COEUR,MO,Midwest,Non-Profit,5,9,0.9912668948550494,Critical,0.0018,-0.0001499999999999,0.9771825110657144,0.0024960467124858,0.9947459682396164,5,4.25,100.0,0.0631,282951063.0
140239,JAVON BEA HOSPITAL,ROCKFORD,IL,Midwest,Non-Profit,3,9,0.9909878266883893,Critical,0.0149,-0.0060999999999999,1.0470157799186348,-0.0100647664682181,1.001205109469654,6,5.875,186.0,-0.0231,393566115.0
370106,INTEGRIS SOUTHWEST MEDICAL CENTER,OKLAHOMA CITY,OK,South,Non-Profit,2,9,0.9907357800906428,Critical,0.0012,0.0018499999999999,0.987668982268966,-0.0078478123269266,1.009592230630996,6,5.875,177.0,-0.049,319232765.0
450610,MEMORIAL HERMANN MEMORIAL CITY HOSPITAL,HOUSTON,TX,South,Non-Profit,4,9,0.990506143542708,Critical,0.0004,0.0088499999999999,0.9313554506544784,-0.0018418300879783,0.9919206114217132,6,5.875,444.0,-0.021,702369238.0
50128,TRI-CITY MEDICAL CENTER,OCEANSIDE,CA,West,Government,1,8,0.9904195943911396,Critical,0.006,-0.0029,0.959134807884322,0.008786857370496,0.9610099073860724,6,5.875,252.0,-0.1664,290656427.0
150044,BAPTIST HEALTH FLOYD,NEW ALBANY,IN,Midwest,Non-Profit,3,9,0.9900465413651104,Critical,0.0078,-0.00155,1.040928984834704,-0.009423478057998,0.9989148786693705,6,5.875,282.0,-0.1343,428187135.0
100050,LARKIN COMMUNITY HOSPITAL PALM SPRINGS CAMPUS,HIALEAH,FL,South,Non-Profit,4,9,0.9900389870644004,Critical,0.0215,-0.0055999999999999,1.0678510391445664,-0.0157312461899608,1.0409163049802743,5,4.5,119.0,0.0073,108261048.0
110018,PIEDMONT NEWTON HOSPITAL,COVINGTON,GA,South,Non-Profit,3,9,0.9899977123327256,Critical,0.022,-0.0015499999999999,1.1036609238469262,-0.0200744026965444,1.034476748932628,5,4.875,100.0,0.191,215747109.0
260119,POPLAR BLUFF REGIONAL MEDICAL CENTER,POPLAR BLUFF,MO,Midwest,For-Profit,2,9,0.98939595714884,Critical,0.0119,-0.00135,1.0569579287770714,-0.0150706975068658,1.0356123400109951,6,5.875,177.0,0.1553,251496641.0
110104,CRISP REGIONAL HOSPITAL,CORDELE,GA,South,For-Profit,2,9,0.989385473492031,Critical,0.0043,0.0011499999999999,0.984244477343128,0.0052142516106809,0.9994009006929596,5,4.875,68.0,-0.0455,133320567.0
450154,VAL VERDE REGIONAL MEDICAL CENTER,DEL RIO,TX,South,Government,3,9,0.9886203750894226,Critical,0.0029,-0.00025,1.0161266994082532,0.0018319993842188,1.0123313806071597,5,4.625,47.0,-0.0663,82118433.0
390097,HOLY REDEEMER HOSPITAL AND MEDICAL CENTER,MEADOWBROOK,PA,Northeast,Non-Profit,3,9,0.9883325132697778,Critical,0.0127,0.002,1.030751407870845,-0.004981179380612,0.9992197201168056,5,4.875,213.0,-0.1513,237333730.0
140110,OSF SAINT ELIZABETH MDL CTR,PERU,IL,Midwest,Non-Profit,3,8,0.9874533087786204,Critical,0.0053,-0.0015,1.02395513775248,-0.0029356311393476,0.9971254507464078,5,4.875,116.0,0.2838,299051789.0
190099,AVOYELLES HOSPITAL,MARKSVILLE,LA,South,For-Profit,1,8,0.9870522470775231,Critical,0.0065,0.00025,1.0254615561443736,-0.0038790783398129,1.0203415941052003,4,3.875,39.0,-0.029,35774254.0
390009,SAINT VINCENT HOSPITAL,ERIE,PA,Northeast,Non-Profit,4,8,0.9869024401216652,Critical,0.0028,-0.0008,0.9237998609569296,0.0046495095733053,0.9402802993296304,6,5.875,316.0,-0.0156,491114154.0
190011,OCHSNER LSU HEALTH MONROE,MONROE,LA,South,Non-Profit,3,9,0.9868535144298342,Critical,0.0039,-0.0004,1.0395469955526406,-0.0037141243473893,1.0260651273530432,5,4.875,87.0,-0.3381,126056372.0
460003,HOLY CROSS HOSPITAL - SALT LAKE,SALT LAKE CITY,UT,West,For-Profit,3,8,0.986752770782452,Critical,0.0078,-0.0038,0.9841589809503078,0.0044866139387327,0.990780145645696,6,5.875,85.0,-1.3578,45193475.0
360087,LUTHERAN HOSPITAL,CLEVELAND,OH,Midwest,Non-Profit,3,9,0.9866589699874668,Critical,0.0022,0.0003999999999999,0.9976035302524084,-0.0010775595869494,0.9831228113042833,5,4.75,114.0,0.0669,167237872.0
100181,LARKIN COMMUNITY HOSPITAL,SOUTH MIAMI,FL,South,For-Profit,1,9,0.9866571733393376,Critical,0.004,-0.0013,1.02286071604359,0.0031573201583318,1.0246947052111028,5,4.25,118.0,-0.0123,110707905.0
100069,AdventHealth Carrollwood,TAMPA,FL,South,Non-Profit,3,9,0.9863815757020932,Critical,0.0052,-0.00045,1.027633657134237,-0.0052911783676002,0.9985672770036572,5,4.875,119.0,0.1345,295022368.0
70016,SAINT MARY'S HOSPITAL,WATERBURY,CT,Northeast,Non-Profit,3,9,0.9854107568531996,Critical,0.0021,-0.0003999999999999,0.9975357604087376,-0.0037713999760329,1.0034199558602537,6,5.875,157.0,0.019,344661695.0
490066,SENTARA WILLIAMSBURG REGIONAL MEDICAL CENTER,WILLIAMSBURG,VA,South,Non-Profit,5,9,0.9852163141260112,Critical,0.0073,-0.00305,0.9406971205036808,0.0076696456977921,0.9556628324749092,5,4.875,139.0,-0.0255,225556425.0
490126,LEWISGALE HOSPITAL ALLEGHANY,LOW MOOR,VA,South,For-Profit,4,9,0.98492929406766,Critical,0.0082,-0.00265,0.9960251536457084,0.0020071962078903,0.9891536715743388,5,4.875,95.0,0.3075,49141188.0
50608,ADVENTIST HEALTH DELANO,DELANO,CA,West,For-Profit,2,9,0.984564827719168,Critical,0.005,-0.0023,1.0085873315629856,0.0029562770389945,1.0105201345377584,5,4.875,105.0,-0.1607,100703444.0
190050,BEAUREGARD MEMORIAL HOSPITAL,DERIDDER,LA,South,Government,3,8,0.9832308383322276,Critical,0.0049,0.0058999999999999,1.013177544287696,-0.0078126343639335,1.015363312541392,5,4.25,49.0,-0.0924,50845159.0
230230,EDWARD W SPARROW HOSPITAL,LANSING,MI,Midwest,Non-Profit,3,9,0.983174709816656,Critical,0.0121,-0.0059499999999999,1.0635087140850914,-0.0075714876532086,1.0004339199265364,6,5.875,454.0,-0.0617,1256386642.0
50603,MEMORIALCARE SADDLEBACK MEDICAL CENTER,LAGUNA HILLS,CA,West,Non-Profit,4,8,0.9830209664780488,Critical,0.0048,-0.0016,1.0046880882013025,-0.0022933037076933,0.9643475408848916,6,5.875,248.0,-0.0679,405702701.0
410005,OUR LADY OF FATIMA HOSPITAL,NORTH PROVIDENCE,RI,Northeast,For-Profit,3,9,0.9825106405102316,Critical,0.0029,0.0028999999999999,1.0242760647371052,-0.0066378568112913,1.0297696499237268,5,4.875,185.0,-0.1504,135676344.0
120002,MAUI MEMORIAL MEDICAL CENTER,WAILUKU,HI,West,Government,2,9,0.981366109810488,Critical,0.0005,-0.0001,0.9867877851301357,-0.0006762075435601,0.9740328982004344,6,5.875,219.0,0.0215,359606205.0
240104,ST FRANCIS REGIONAL MEDICAL CENTER,SHAKOPEE,MN,Midwest,Non-Profit,3,9,0.980653463103153,Critical,0.0032,-0.00025,1.011413252643456,-0.0029009733288676,0.9962027440498784,5,4.875,89.0,-0.0032,225092207.0
10149,BAPTIST MEDICAL CENTER EAST,MONTGOMERY,AL,South,Government,4,8,0.980298807188313,Critical,0.0001,0.0002999999999999,0.9859607285262316,0.0033608598570064,0.9816657806935996,4,3.875,221.0,-0.0748,212477013.0
160057,SOUTHEAST IOWA REGIONAL MEDICAL CENTER,WEST BURLINGTON,IA,Midwest,Non-Profit,4,9,0.9780131558541324,Critical,0.0115,-0.00215,1.0358540666541234,-0.0107070819607981,1.0086295206782403,5,4.875,174.0,-0.0725,409640854.0
140115,THOREK MEMORIAL HOSPITAL,CHICAGO,IL,Midwest,Non-Profit,0,9,0.9773849553361554,Critical,0.0042,-0.00175,1.076023599849392,-0.0076585620561546,1.025234693560545,5,4.875,156.0,-0.3305,62384523.0
100017,HALIFAX HEALTH MEDICAL CENTER,DAYTONA BEACH,FL,South,Government,2,9,0.9772885278300758,Critical,0.0044,-0.001,0.9621484808246588,0.0059044074111655,0.9448760797548936,6,5.875,523.0,-0.0425,698416959.0
240075,ESSENTIA HEALTH ST JOSEPH'S MEDICAL CENTER,BRAINERD,MN,Midwest,Non-Profit,3,9,0.9772383119844924,Critical,0.0047,-0.00145,1.019413753424351,-0.0022998891858656,0.9957136808542856,5,4.875,113.0,0.0245,334435985.0
490004,SENTARA RMH MEDICAL CENTER,HARRISONBURG,VA,South,Non-Profit,5,9,0.976813238800601,Critical,0.0081,-0.0012499999999999,0.9941613470107716,-0.0087572948416132,1.0031397767392192,6,5.875,238.0,-0.0194,559670302.0
360203,SOUTHEASTERN OHIO REGIONAL MEDICAL CENTER,CAMBRIDGE,OH,Midwest,Non-Profit,4,8,0.9763562111486824,Critical,0.0079,0.0008499999999999,1.040296109680544,-0.0072248883662282,1.0052276810935368,5,4.875,86.0,0.0539,100052371.0
250168,UNIVERSITY OF MISSISSIPPI MEDICAL CENTER- GRENADA,GRENADA,MS,South,Government,1,9,0.9755798334091154,Critical,0.0003,0.0010499999999999,0.9813013796771632,0.0024231595428926,1.0033398036968144,5,4.875,49.0,0.079,75061784.0
180043,AdventHealthManchester,MANCHESTER,KY,South,Non-Profit,3,9,0.9735750288871976,Critical,0.0113,-0.00535,1.036668089696149,-0.003943850227246,1.001124969521057,5,4.875,49.0,0.0495,97322917.0
380020,MCKENZIE-WILLAMETTE MEDICAL CENTER,SPRINGFIELD,OR,West,Non-Profit,4,9,0.9731246560703972,Critical,0.0091,-0.0033999999999999,1.019735720210478,-0.0058600959573654,0.9906631795373826,6,5.875,113.0,-0.0159,273229623.0
360026,KETTERING HEALTH GREENE MEMORIAL,XENIA,OH,Midwest,Non-Profit,5,9,0.972653753292502,Critical,0.0075,0.00035,1.030328144910842,-0.0038923775690574,1.0017369127876323,5,4.625,13.0,-0.4701,35949634.0
260113,MISSOURI DELTA MEDICAL CENTER,SIKESTON,MO,Midwest,Non-Profit,2,9,0.9726087167140144,Critical,0.0023,-0.0002999999999999,0.9898086454049216,0.0024156276398571,0.9984041855059608,5,4.875,98.0,-0.1054,169903506.0
110035,WELLSTAR KENNESTONE REGIONAL MEDICAL CENTER,MARIETTA,GA,South,Government,4,9,0.9720476401974856,Critical,0.0091,-0.00055,1.0414590316409666,-0.0109913259497906,0.983356555734186,6,5.875,642.0,0.1121,1856009760.0
450042,ASCENSION PROVIDENCE,WACO,TX,South,Non-Profit,2,8,0.971830880856335,Critical,0.0063,-0.0023,0.9917485314888212,-0.0030564954628963,0.9634791122940386,6,5.875,224.0,0.0734,347385720.0
190144,MINDEN MEDICAL CENTER,MINDEN,LA,South,For-Profit,2,9,0.9715818362974288,Critical,0.0032,0.00085,1.01155373847782,-0.0049551466810563,1.0125998140780157,5,4.875,129.0,-0.1312,57534159.0
450395,CHI ST LUKES HEALTH MEMORIAL LIVINGSTON,LIVINGSTON,TX,South,Non-Profit,4,9,0.9715235612190506,Critical,0.0007,0.0004499999999999,0.9655986379955028,0.0029003960093554,0.9801537579941828,5,4.875,66.0,-0.0251,58237563.0
370022,JACKSON COUNTY MEMORIAL HOSPITAL AUTHORITY,ALTUS,OK,South,Non-Profit,3,8,0.9707935023446844,Critical,0.03,-0.0054,1.0702381058129995,-0.0122274711429616,1.0087076139907645,5,4.875,49.0,-0.069,84056663.0
50334,SALINAS VALLEY MEMORIAL HOSPITAL,SALINAS,CA,West,Non-Profit,4,9,0.9699800543011704,Critical,0.004,-0.0007999999999999,1.018885613319951,-0.005194655583978,1.0023452119409215,6,5.875,192.0,0.122,699633076.0
330259,MERCY MEDICAL CENTER,ROCKVILLE CENTRE,NY,Northeast,Non-Profit,5,9,0.9697275357345356,Critical,0.0151,-0.0019,1.07195462150882,-0.0193445499705255,1.0281744316264925,5,4.875,166.0,-0.1718,311655353.0
250067,CLAY COUNTY MEDICAL CORPORATION,WEST POINT,MS,South,Non-Profit,3,9,0.9684147204877978,Critical,0.0017,-0.0007,1.0039498946124257,-0.0004726699324508,1.0019143035864717,5,4.25,49.0,0.1659,67954970.0
150150,DUPONT HOSPITAL LLC,FORT WAYNE,IN,Midwest,For-Profit,4,8,0.9681148541617436,Critical,0.0004,0.0015499999999999,0.9801786527538788,-0.0009310093146942,0.9922624654591858,5,4.875,131.0,0.1669,235319730.0
420005,MCLEOD MEDICAL CENTER - DILLON,DILLON,SC,South,Non-Profit,3,9,0.9679440176826836,Critical,0.0004,0.0005499999999999,0.9719521165102836,0.0039231439175234,1.000632350498716,5,4.875,36.0,0.1914,73391122.0
30064,BANNER - UNIVERSITY MEDICAL CENTER TUCSON CAMPUS,TUCSON,AZ,West,Non-Profit,3,8,0.9673367144849402,Critical,0.0031,-0.00115,0.997039493846516,-0.0026622563318617,0.9692845875318296,6,5.875,548.0,0.0274,1332970548.0
500026,SWEDISH EDMONDS HOSPITAL,EDMONDS,WA,West,Non-Profit,3,9,0.9657068952520036,Critical,0.0057,-0.0014499999999999,1.022178383969871,-0.0058481090048823,0.991299297778913,5,4.875,157.0,-0.242,315576058.0
190002,OCHSNER LAFAYETTE GENERAL MEDICAL CENTER,LAFAYETTE,LA,South,Non-Profit,3,8,0.965038344987536,Critical,0.0134,-0.0015999999999999,1.0857209002939514,-0.0242816845194259,0.9872030693099936,6,5.875,471.0,-0.0325,752861661.0
100046,Adventhealth Zephyrhills,ZEPHYRHILLS,FL,South,Non-Profit,4,9,0.9644755840968594,Critical,0.0047,-0.0001999999999999,1.018350114405316,-0.0106695770690329,0.9882204317469908,6,5.5,149.0,0.1104,281963374.0
150075,BLUFFTON REGIONAL MEDICAL CENTER,BLUFFTON,IN,Midwest,For-Profit,4,9,0.9636782453740678,Critical,0.0158,-0.0029,1.0345286245827865,-0.0058019552355946,1.0108116306672172,5,4.875,40.0,-0.4386,25901812.0
40076,BAPTIST HEALTH MEDICAL CENTER-HOT SPRINGS COUNTY,MALVERN,AR,South,Non-Profit,0,9,0.9632061059295736,Critical,0.0226,-0.00885,1.0870784793380126,-0.0097334359755153,1.033513593116521,4,3.625,67.0,-0.0323,23691816.0
200063,MAINEHEALTH PEN BAY HOSPITAL,ROCKPORT,ME,Northeast,Non-Profit,3,8,0.9626960844436172,Critical,0.0001,1.4124393754140344e-19,0.9366252977397924,0.0067736964749215,0.967264603379407,5,4.875,81.0,-0.1282,219168418.0
390093,CLARION HOSPITAL,CLARION,PA,Northeast,Non-Profit,2,9,0.9622319923164916,Critical,0.0035,0.00155,0.9844527364800524,0.000658633153932,1.0058460748058369,5,4.875,59.0,0.0827,63262693.0
370023,"DUNCAN REGIONAL HOSPITAL, INC",DUNCAN,OK,South,Non-Profit,3,9,0.9592654244543802,Critical,0.004,0.00235,0.994058733602292,-0.0035352564705163,0.993909005529797,5,4.875,86.0,-0.0932,144194516.0
360091,MEDINA HOSPITAL,MEDINA,OH,Midwest,Non-Profit,5,9,0.9592103417071238,Critical,0.0143,-0.00175,1.0225186840377116,-0.0085511511964926,1.001052538490233,5,4.875,148.0,0.0858,195469747.0
470003,UNIV. OF VERMONT - FLETCHER ALLEN HEALTH CARE,BURLINGTON,VT,Northeast,Non-Profit,4,7,0.9574487429854992,Critical,0.0004,0.0014499999999999,0.8986458115133223,0.0094275056065448,0.9097131406228536,6,5.875,469.0,-0.7105,1430994658.0
490101,INOVA FAIR OAKS HOSPITAL,FAIRFAX,VA,South,Non-Profit,5,7,0.956967259214157,Critical,0.0015,-0.00025,0.9983155467531992,-8.731246000098291e-05,0.9554824766001742,5,4.875,174.0,0.3697,471556247.0
10169,ATMORE COMMUNITY HOSPITAL,ATMORE,AL,South,Government,3,9,0.955533327118165,Critical,0.0024,-0.0007,0.9763438703624576,0.0064674320164246,0.9963904222759756,4,3.875,24.0,-0.3912,15592913.0
180093,BAPTIST HEALTH DEACONESS MADISONVILLE,MADISONVILLE,KY,South,Non-Profit,2,9,0.9550145215640106,Critical,0.0062,0.0010499999999999,1.0156103553046738,-0.0126531441413113,0.984543977547411,6,5.875,161.0,0.0348,263686776.0
380038,PROVIDENCE WILLAMETTE FALLS MEDICAL CENTER,OREGON CITY,OR,West,Non-Profit,4,7,0.9486149112841632,Critical,0.0007,4.999999999999995e-05,0.9779964187344012,0.0039522595465652,0.9793874815739578,5,4.875,108.0,-0.0662,215707782.0
150005,HENDRICKS REGIONAL HEALTH,DANVILLE,IN,Midwest,Government,5,8,0.9481943690190604,Critical,0.004,-0.0013999999999999,0.9506244733846668,0.0052985349579502,0.9485155097008322,5,4.875,130.0,-0.0363,481779831.0
190007,NATCHITOCHES REGIONAL MEDICAL CENTER,NATCHITOCHES,LA,South,Government,4,7,0.9477831770163272,Critical,0.0036,-0.0012999999999999,0.9581198933997684,0.0011243634484259,0.979231325839398,5,4.875,81.0,-0.1389,105398474.0
420015,PRISMA HEALTH BAPTIST EASLEY HOSPITAL,EASLEY,SC,South,Non-Profit,4,9,0.9476605605579592,Critical,0.0114,0.0051,1.043061818910005,-0.0141576940321782,1.030926806687798,5,4.5,83.0,0.2108,158008608.0
390001,GEISINGER-COMMUNITY MEDICAL CENTER,SCRANTON,PA,Northeast,Non-Profit,2,8,0.9465080755301052,Critical,0.0089,-0.0037499999999999,1.0040854058400823,-0.0057493313066515,0.9628613797059916,6,5.875,294.0,0.0783,569300720.0
200018,NORTHERN LIGHT  A R GOULD HOSPITAL,PRESQUE ISLE,ME,Northeast,Non-Profit,2,9,0.9415583227652922,Critical,0.0056,0.0032499999999999,0.969943232031755,0.0018121385353747,1.0057920962874258,5,4.875,44.0,-0.0998,162533238.0
60034,HCA-HEALTHONE DBA SWEDISH MEDICAL CENTER,ENGLEWOOD,CO,West,For-Profit,4,9,0.940615561181696,Critical,0.0005,0.0018,0.9625774690116088,-0.004975490850885,0.9962078277543304,6,5.875,404.0,0.1908,773525699.0
200020,YORK HOSPITAL,YORK,ME,Northeast,Non-Profit,4,9,0.9394264803880652,Critical,0.0074,-0.0005,0.9822935243123292,0.0012951449547243,0.979172453105273,5,4.875,54.0,-0.0996,191515860.0
440007,UNITY MEDICAL CENTER,MANCHESTER,TN,South,Non-Profit,3,8,0.9391665282218848,Critical,0.0025,0.0001,0.9823982676689512,0.0014869348007283,0.9846326699394508,5,4.5,49.0,-0.0508,53361377.0
180020,MIDDLESBORO ARH HOSPITAL,MIDDLESBORO,KY,South,Non-Profit,1,7,0.9384576400341926,Critical,0.0112,-0.00525,1.0396890108834056,-0.0030251835296041,1.0052084554979936,4,3.875,46.0,-0.0736,54393701.0
230156,TRINITY HEALTH ANN ARBOR HOSPITAL,ANN ARBOR,MI,Midwest,Non-Profit,4,7,0.9382132544327804,Critical,0.0061,-0.0025499999999999,1.0127520772892844,-0.0049827746257368,0.9468169870573024,6,5.875,479.0,-0.0066,1173128843.0
180049,BAPTIST HEALTH RICHMOND,RICHMOND,KY,South,Non-Profit,4,9,0.9376529272321916,Critical,0.0098,-0.0033,0.9944085340449144,-0.0024034446842586,0.9798967222497832,5,4.875,82.0,0.0623,196111253.0
440031,ROANE MEDICAL CENTER,HARRIMAN,TN,South,Government,4,9,0.9370420145730946,Critical,0.0099,-0.0036499999999999,1.0505971741196969,-0.0065140167780431,1.0154776481725158,5,4.875,52.0,0.0292,47776719.0
310001,HACKENSACK UNIVERSITY MEDICAL CENTER,HACKENSACK,NJ,Northeast,Non-Profit,5,9,0.9370249564364188,Critical,0.0059,0.0005999999999999,1.0092847680984711,-0.0111631133434714,0.9672132116421492,6,5.875,769.0,-0.0516,2656055798.0
330229,"BROOKS-TLC HOSPITAL SYSTEM, INC",DUNKIRK,NY,Northeast,Non-Profit,1,9,0.9353585780463616,Critical,0.0056,-0.0018,1.0101558816587783,-0.0013256858235159,0.9929642945159094,5,4.875,65.0,-0.3788,46872407.0
380090,BAY AREA HOSPITAL,COOS BAY,OR,West,Government,2,8,0.932048862040581,Critical,0.0066,-0.0021,0.9858750588332222,0.0013017580999153,0.963968052674012,5,4.875,144.0,-0.328,200004940.0
140122,UCHICAGO MEDICINE ADVENTHEALTH HINSDALE,HINSDALE,IL,Midwest,Non-Profit,5,8,0.929935817255815,Critical,0.0062,-0.0013999999999999,0.9929372903676752,-0.0082794732236311,0.961735638636284,6,5.875,224.0,-0.0502,351742332.0
360008,SOUTHERN OHIO MEDICAL CENTER,PORTSMOUTH,OH,Midwest,Non-Profit,4,9,0.9294141815648004,Critical,0.0159,-0.0018999999999999,1.082995537732924,-0.0216308747607034,1.0237995226532015,6,5.875,192.0,-0.0989,454711974.0
420107,MCLEOD HEALTH CHERAW,CHERAW,SC,South,Non-Profit,3,7,0.9290701514047528,Critical,0.0007,0.00035,1.0008115066556775,0.0012046772154468,1.0111713658414878,5,4.5,31.0,0.1394,72569208.0
330180,"SAMARITAN HOSPITAL OF TROY, NEW YORK",TROY,NY,Northeast,Non-Profit,3,8,0.9246808682317716,Critical,0.0036,-0.00155,1.011418697736072,-0.0048996818580164,0.9844524909186694,5,4.875,252.0,0.0558,445434179.0
50488,EDEN MEDICAL CENTER,CASTRO VALLEY,CA,West,Non-Profit,4,9,0.9242710671886156,Critical,0.0032,0.0003999999999999,1.0175781652126066,-0.0067591521709797,1.009533280880469,5,4.875,126.0,0.0514,466939615.0
230239,CHIPPEWA COUNTY WAR MEMORIAL HOSPITAL,SAULT STE MARIE,MI,Midwest,Non-Profit,2,9,0.9241471141874782,Critical,0.0018,-0.00055,0.978281007409248,0.0052998030474321,0.9845641298543044,5,4.875,49.0,-0.1145,105123263.0
70031,GRIFFIN HOSPITAL,DERBY,CT,Northeast,Non-Profit,4,9,0.9222139009200092,Critical,0.003,0.00295,1.002738118960764,-0.0072092911446032,0.985876529346974,5,4.875,117.0,-0.0444,246588971.0
80009,"BAYHEALTH HOSPITAL, SUSSEX CAMPUS",MILFORD,DE,South,Non-Profit,3,9,0.9216963581518994,Critical,0.0044,4.999999999999943e-05,0.9794809073562696,-0.0022492976366425,0.9768765373011165,5,4.875,128.0,0.1534,454987186.0
340003,NORTHERN REGIONAL HOSPITAL,MOUNT AIRY,NC,South,Government,4,9,0.9149254295388904,Critical,0.0283,-0.0126,1.0614195857309774,-0.0129761830493024,0.9944900723906576,5,4.875,100.0,-0.0826,122005770.0
320022,PLAINS REGIONAL MEDICAL CENTER,CLOVIS,NM,West,Non-Profit,2,9,0.914301030631026,Critical,0.007,-0.0021999999999999,0.9922038523390028,0.0030433869496605,0.977949937909008,5,4.875,100.0,0.0437,136117195.0
150022,FRANCISCAN HEALTH CRAWFORDSVILLE,CRAWFORDSVILLE,IN,Midwest,Non-Profit,5,7,0.9133087721543648,Critical,0.0086,-0.0034499999999999,1.0046287153143598,-0.0009899614522397,0.9921617513717034,5,4.875,29.0,-0.024,51321435.0
250020,WEBSTER GENERAL HOSPITAL/ SWING BED,EUPORA,MS,South,Non-Profit,4,7,0.9106275830287968,Critical,0.03,-0.0090499999999999,1.0597210807045148,-0.0125851158480259,1.0007967270495803,4,3.375,38.0,-0.0407,23984529.0
390058,UPMC CARLISLE,CARLISLE,PA,Northeast,Non-Profit,4,9,0.9096985689720466,Critical,0.0029,4.9999999999999786e-05,0.9688135234289408,-0.0013904592514489,0.9735611646338576,5,4.875,66.0,0.2841,177430622.0
150045,PARKVIEW DEKALB HOSPITAL,AUBURN,IN,Midwest,Non-Profit,3,8,0.9092261835002828,Critical,0.0155,0.0039,1.05174969732815,-0.0112344074229731,1.0327782036967714,5,4.75,48.0,0.0317,71140017.0
160069,MERCYONE DUBUQUE MEDICAL CENTER,DUBUQUE,IA,Midwest,Non-Profit,3,9,0.9089118194472586,Critical,0.005,0.0002499999999999,1.0168265391312212,-0.0096371069883888,0.9777393001049004,6,5.875,142.0,-0.194,169941430.0
30037,HONORHEALTH TEMPE MEDICAL CENTER,PHOENIX,AZ,West,For-Profit,0,9,0.9063656059777684,Critical,0.0014,0.0007499999999999,0.9681609225436416,0.0047300559464962,0.9841802471694396,6,5.625,74.0,-0.197,56645058.0
390217,EXCELA HEALTH - FRICK HOSPITAL,MOUNT PLEASANT,PA,Northeast,Non-Profit,3,9,0.8991473521234948,Critical,0.0184,-0.00545,1.0299086090877374,-0.0041280084148376,1.0067901197691314,4,3.875,33.0,0.1429,62063289.0
50089,COMMUNITY HOSPITAL OF SAN BERNARDINO,SAN BERNARDINO,CA,West,Non-Profit,3,9,0.8938686419883453,Critical,0.0009,0.0019999999999999,1.0026285885290929,-0.0057619678977236,1.0227324079803686,4,4.375,185.0,0.0204,336872162.0
390066,WELLSPAN GOOD SAMARITAN HOSPITAL,LEBANON,PA,Northeast,Non-Profit,5,7,0.8932628541164468,Critical,0.003,-0.00095,0.9483237052631464,0.0034188574794577,0.9433884202899108,6,5.875,149.0,0.0649,314514353.0
440144,VANDERBILT TULLAHOMA-HARTON HOSPITAL,TULLAHOMA,TN,South,Non-Profit,3,9,0.8929034286765914,Critical,0.0027,0.0016999999999999,1.0027493726858907,-0.0058297441254339,0.9961890538417456,5,4.875,86.0,-0.113,97685367.0
110132,MEMORIAL HOSPITAL AND MANOR,BAINBRIDGE,GA,South,Government,1,6,0.8900774322838338,Critical,0.0021,-0.0007499999999999,0.9824104456376932,0.0001621087932456,0.9880867694404438,5,4.625,80.0,-0.2302,48078183.0
360109,COSHOCTON REGIONAL MEDICAL CENTER,COSHOCTON,OH,Midwest,Non-Profit,4,9,0.8856187817036573,Critical,0.0083,-0.0015,1.0129102628518292,-0.0031880991011918,1.0023920560573518,5,4.75,56.0,-0.0606,44531822.0
250102,MISSISSIPPI BAPTIST MEDICAL CENTER,JACKSON,MS,South,Non-Profit,2,9,0.8835639171151749,Critical,0.0044,0.0012499999999999,1.004059761005933,-0.0106813923021101,0.9700769181352364,6,5.875,492.0,-0.0376,547625940.0
10118,VAUGHAN REGIONAL MEDICAL CENTER PARKWAY CAMPUS,SELMA,AL,South,For-Profit,2,9,0.8833943618409626,Critical,0.0111,-0.00305,1.0710486680987483,-0.0096318505450211,1.0070323753103052,5,4.375,109.0,0.0,0.0
360085,OHIO STATE UNIVERSITY STATE HEALTH SYSTEM,COLUMBUS,OH,Midwest,Government,3,9,0.8832009507092392,Critical,0.0008,-0.0003499999999999,0.96529532645606,0.0069910975650804,0.9739846728785644,6,5.875,968.0,-0.6809,2025456600.0
40067,MAGNOLIA REGIONAL MEDICAL CENTER,MAGNOLIA,AR,South,Government,2,9,0.8804594654656318,Critical,0.0116,-0.0048499999999999,1.032210199258735,-0.0030565309373236,1.0060709624462651,4,4.125,29.0,-0.437,21985330.0
110128,MEMORIAL HEALTH MEADOWS HOSPITAL,VIDALIA,GA,South,For-Profit,5,7,0.8797374538754058,Critical,0.0066,-0.0032,1.0257327827364129,-0.0057344108688133,0.9685585334467124,5,4.875,57.0,0.0969,122609378.0
280040,THE NEBRASKA METHODIST HOSPITAL,OMAHA,NE,Midwest,Non-Profit,4,9,0.8770160438991793,Critical,0.0015,0.0008,0.9363196955692176,-0.0016730652432056,0.93092758056593,6,5.875,379.0,-0.0029,705371528.0
330006,ST JOSEPH'S MEDICAL CENTER,YONKERS,NY,Northeast,Non-Profit,1,9,0.8762900023437313,Critical,0.0094,-0.00275,1.0503191707435071,-0.0067209990326702,1.0240904652053389,5,4.875,106.0,-0.281,263880519.0
520138,AURORA ST LUKES MEDICAL CENTER,MILWAUKEE,WI,Midwest,Non-Profit,4,8,0.8753603349982312,Critical,0.0007,-0.0002999999999999,0.9648322956687476,0.0067468177225523,0.9608227258677524,6,5.875,896.0,0.0256,2016997305.0
320011,PRESBYTERIAN ESPANOLA HOSPITAL,ESPANOLA,NM,West,Non-Profit,0,9,0.8719282382214619,Critical,0.0003,0.0002999999999999,0.9784836405725256,0.004534368098608,0.9952478666115866,5,4.875,70.0,0.128,111754110.0
230015,THREE RIVERS HEALTH,THREE RIVERS,MI,Midwest,Government,2,9,0.8713280659574073,Critical,0.0041,0.0002499999999999,1.0167187749533333,-0.0017688354176685,0.997750398179878,5,4.875,48.0,0.0441,72097971.0
500088,VALLEY MEDICAL CENTER,RENTON,WA,West,Government,2,9,0.8663913154386791,Critical,0.0008,0.00405,0.9962121362166574,-0.0090358965185629,0.9955933560679766,5,4.875,283.0,-0.1214,933951189.0
250025,NORTH MISSISSIPPI MEDICAL CENTER-GILMORE AMORY,AMORY,MS,South,For-Profit,3,9,0.8634396238410836,Critical,0.008,-0.0002,1.0435483094700475,-0.0080218849927432,1.0253634649115937,4,3.875,75.0,0.1891,65648926.0
160117,FINLEY HOSPITAL,DUBUQUE,IA,Midwest,Non-Profit,3,9,0.8620138626828291,Critical,0.0193,-0.0048,1.0783360958705963,-0.0123041366836762,1.0236389384669635,5,4.875,66.0,0.1347,148553057.0
490045,NOVANT PRINCE WILLIAM MEDICAL CENTER,MANASSAS,VA,South,Non-Profit,3,9,0.8616501890758992,Critical,0.009,-0.0012499999999999,1.0226127670315577,-0.0053576456201245,0.9824645289509396,5,4.875,92.0,-0.0802,237843969.0
260160,MERCY HOSPITAL STODDARD,DEXTER,MO,Midwest,Non-Profit,2,9,0.8583425192738896,Critical,0.0172,-0.0075,1.0102557992871672,-0.0025250451251964,1.0125788811591758,4,3.875,43.0,-0.1252,40290177.0
390268,MOUNT NITTANY MEDICAL CENTER,STATE COLLEGE,PA,Northeast,Non-Profit,5,9,0.8536186392007884,Critical,0.0198,-0.0084,1.05459636066594,-0.011205799048085,0.9747655646294108,5,4.875,248.0,0.1521,505452421.0
500019,PROVIDENCE CENTRALIA HOSPITAL,CENTRALIA,WA,West,Non-Profit,3,9,0.8515600806897142,Critical,0.0129,-0.0054999999999999,1.0293637145810088,-0.0098987036490785,0.985219634091074,5,4.875,114.0,-0.2066,226554764.0
520139,WEST ALLIS MEMORIAL HOSPITAL,WEST ALLIS,WI,Midwest,Non-Profit,4,9,0.8498929314032797,Critical,0.0018,-0.0005999999999999,0.9909809571353744,-0.0050662567180892,0.9728346592064396,5,4.875,202.0,0.2131,343202075.0
360010,UNION HOSPITAL,DOVER,OH,Midwest,Non-Profit,3,7,0.8457109341608346,Critical,0.0027,-0.0005,0.9586034351897348,0.0046214161654306,0.9514160000510088,5,4.875,77.0,0.0996,141342586.0
180011,SAINT JOSEPH LONDON,LONDON,KY,South,Non-Profit,3,8,0.8415583710018423,Critical,0.0032,0.0006499999999999,0.9867841079524838,-0.0071032082138038,0.9762369537961,5,5.0,126.0,0.1802,252399758.0
260078,OZARKS HEALTHCARE,WEST PLAINS,MO,Midwest,Non-Profit,2,8,0.8414277419433085,Critical,0.0004,0.0031,0.984362128883776,-0.0082227956135376,0.9971929381600096,6,5.875,111.0,-0.4539,172271644.0
370180,CHICKASAW NATION MEDICAL CENTER,ADA,OK,South,Non-Profit,5,6,0.8366928734410557,Critical,0.0039,-0.0018,1.0065453048135302,-0.0015831883267742,0.9946935754062562,5,4.875,72.0,0.0,0.0
330181,NORTHWELL HOSPITAL GLEN COVE,GLEN COVE,NY,Northeast,Non-Profit,5,9,0.8364139507652297,Critical,0.0123,0.00265,1.0244695745583552,-0.0093918629078235,1.0013564989414516,4,4.0,57.0,-0.1697,230417921.0
80006,"TIDALHEALTH NANTICOKE, INC.",SEAFORD,DE,South,Non-Profit,3,9,0.8311032995136909,Critical,0.0003,0.00095,0.947741317838525,0.0023523203944643,0.9760708116493716,5,4.875,92.0,-0.0462,223933823.0
520019,ASPIRUS RHINELANDER HOSPITAL,RHINELANDER,WI,Midwest,Non-Profit,3,9,0.8245150644315697,Critical,0.0008,0.0006,0.9603053630242364,0.0010138290909856,0.97479112247523,5,4.875,42.0,-0.3226,245381098.0
390168,INDEPENDENCE HEALTH SYSTEM BUTLER MEMORIAL HOSPITA,BUTLER,PA,Northeast,Non-Profit,2,9,0.8237348515234234,Critical,0.0005,-0.0001999999999999,0.8945795826112787,0.0199618707767024,0.9348222410334877,6,5.875,273.0,0.0177,293204924.0
180087,TAYLOR REGIONAL HOSPITAL,CAMPBELLSVILLE,KY,South,Government,2,9,0.8228570201277324,Critical,0.0001,0.0008,0.951174560279543,0.0075350056307537,0.9819691772155968,5,4.875,90.0,-0.0056,141547880.0
10120,MONROE COUNTY HOSPITAL,MONROEVILLE,AL,South,Government,1,9,0.8221260970506831,Critical,0.0128,-0.00525,1.0288632589145073,-0.0030511328724475,1.0040225857276155,4,3.875,46.0,-0.9554,23270469.0
150084,ASCENSION ST VINCENT HOSPITAL,INDIANAPOLIS,IN,Midwest,Non-Profit,2,9,0.8196915921770068,Critical,0.0002,-5.000000000000005e-05,0.947114157590491,0.0115729000622311,0.957549692367426,6,5.875,745.0,0.0452,1526699561.0
40088,SOUTH ARKANSAS REGIONAL HOSPITAL LLC,EL DORADO,AR,South,For-Profit,3,9,0.8114518876687657,Critical,0.0037,-0.00135,1.001329677443615,-0.0037708797048861,0.964584881279784,6,5.5,105.0,-0.2691,65048636.0
500150,LEGACY SALMON CREEK MEDICAL CENTER,VANCOUVER,WA,West,Non-Profit,4,7,0.8106928904245567,Critical,0.0026,-0.00125,0.9597545642021668,0.0110480052826017,0.9348550939390344,5,4.875,178.0,0.0449,606258393.0
110032,STEPHENS COUNTY HOSPITAL,TOCCOA,GA,South,Government,2,8,0.8038484723965184,Critical,0.0062,-0.0030999999999999,1.0251848679378182,0.0011492158908073,0.994740509558859,5,4.875,40.0,-0.0183,51500827.0
330047,ST MARY'S HEALTHCARE,AMSTERDAM,NY,Northeast,Non-Profit,3,8,0.8019297203818553,Critical,0.0019,0.0002,0.9806496257925404,-0.0039172202788482,0.9961009795700642,5,4.875,100.0,-0.2192,173774438.0
170013,HAYS MEDICAL CENTER,HAYS,KS,Midwest,Non-Profit,3,9,0.7994909154825585,High,0.0085,-0.0021499999999999,0.9572764116648036,-0.0013000422761429,0.9511901910949592,6,5.875,111.0,-0.0959,254907557.0
340114,REX HOSPITAL,RALEIGH,NC,South,Government,5,9,0.7993662630722459,High,0.0003,-9.999999999999988e-05,0.9127542056370994,0.008706821046311,0.9339570897958456,6,5.875,485.0,0.0536,1813043000.0
340064,WILKES REGIONAL MEDICAL CENTER,NORTH WILKESBORO,NC,South,Government,3,9,0.7983564228597251,High,0.0297,-0.0148499999999999,1.107954553640402,-0.0056678500914055,1.019666570353547,5,4.875,77.0,0.0895,154054832.0
390125,WAYNE MEMORIAL HOSPITAL,HONESDALE,PA,Northeast,Non-Profit,2,8,0.796333864959177,High,0.0144,-0.0048499999999999,1.0480337667281898,-0.01106540557533,0.9785249019377024,5,4.875,58.0,-0.1328,137071075.0
150048,REID HEALTH,RICHMOND,IN,Midwest,Non-Profit,2,8,0.7947614894631183,High,0.002,-0.001,0.9621998607681742,0.019218488113038,1.0060494443259214,6,5.875,207.0,0.0628,523661049.0
450654,STARR COUNTY MEMORIAL HOSPITAL,RIO GRANDE CITY,TX,South,Government,2,8,0.7906964385482859,High,0.0208,-0.00995,1.0507893837149636,-0.0062506969302135,1.0093462650360718,4,3.875,48.0,-0.145,48335752.0
190025,SAVOY MEDICAL CENTER,MAMOU,LA,South,Non-Profit,4,9,0.787749353110201,High,0.0031,-0.0010499999999999,1.004335542135902,0.00035896378835,1.0094983919426923,4,3.625,28.0,-0.0442,39846085.0
50038,SANTA CLARA VALLEY MEDICAL CENTER,SAN JOSE,CA,West,Government,2,8,0.786026179576435,High,0.001,-0.0004999999999999,1.0079369872908754,0.0164244654034661,1.0362997253465167,6,5.875,1060.0,-0.2447,3097737327.0
150069,NORTON-KING'S DAUGHTERS' HEALTH,MADISON,IN,Midwest,Non-Profit,2,9,0.7694928481079417,High,0.0219,-0.0109499999999999,1.0306566003104702,0.0113804106823718,1.0128392335854128,5,4.875,70.0,-0.3467,139052895.0
250042,NORTHWEST MISSISSISSIPPI REGIONAL MEDICAL CENTER,CLARKSDALE,MS,South,For-Profit,3,7,0.767736820814032,High,0.0138,-0.00565,1.077646477573153,-0.0111168192071804,1.0082338774351114,5,4.75,49.0,-0.2524,33236052.0
50283,STANFORD HEALTH CARE TRI-VALLEY,PLEASANTON,CA,West,Non-Profit,5,9,0.767175237539075,High,0.0076,-0.0029,0.9733551393382348,-0.0041758404538777,0.942781351044047,6,5.875,166.0,0.0208,613456343.0
180104,BAPTIST HEALTH PADUCAH,PADUCAH,KY,South,Non-Profit,4,9,0.7666191647253076,High,0.0054,5.00000000000002e-05,1.0203062369870928,-0.0162765152638788,0.9848131619740974,6,5.875,190.0,0.0646,489522896.0
290057,HENDERSON HOSPITAL,HENDERSON,NV,West,For-Profit,2,7,0.7597004757910788,High,0.0048,0.0080999999999999,1.0090957708,-0.0051358651715905,1.028022169018391,5,4.857142857142857,300.0,0.2699,442473367.0
40014,WHITE COUNTY MEDICAL CENTER,SEARCY,AR,South,Non-Profit,2,9,0.7579222410089426,High,0.0022,-0.0011,0.958046549118116,0.0268601298276359,1.007806916683886,5,4.875,190.0,0.0077,307171514.0
120006,ADVENTIST HEALTH CASTLE,KAILUA,HI,West,Non-Profit,4,8,0.7577654622638368,High,0.0001,-5e-05,0.9669454149048086,0.0090642818979129,0.9882547094323616,6,5.875,142.0,-0.1037,239241126.0
100211,ADVENTHEALTH DADE CITY,DADE CITY,FL,South,For-Profit,4,9,0.7518626281174255,High,0.003,-0.0009,0.999585983750771,0.0004559664356329,0.9814014093018086,5,4.25,75.0,0.0775,110706382.0
420098,TIDELANDS WACCAMAW COMMUNITY HOSPITAL,MURRELLS INLET,SC,South,Non-Profit,4,8,0.7507678873306041,High,0.0016,-0.0007999999999999,0.957889249834404,0.0136288669131288,0.9972664110532156,5,4.875,119.0,0.0792,215443348.0
450447,NAVARRO REGIONAL HOSPITAL,CORSICANA,TX,South,Government,2,7,0.7495632038954163,High,0.0022,-0.0009499999999999,0.9773327170691644,0.002187998980224,0.962398308594042,5,4.875,48.0,0.1685,98460306.0
450194,UT HEALTH EAST TEXAS JACKSONVILLE HOSPITAL,JACKSONVILLE,TX,South,For-Profit,0,9,0.7456740152655554,High,0.0041,-0.0016,0.991750357637122,0.0013727024074422,0.9931646559257084,5,4.75,38.0,0.0077,48435883.0
440048,BAPTIST MEMORIAL HOSPITAL,MEMPHIS,TN,South,Non-Profit,3,9,0.7412585209320844,High,0.0118,0.00055,1.0796059827261228,-0.0018182019586523,1.0777112653913583,6,5.875,804.0,0.063,1130546642.0
230167,MCLAREN GREATER LANSING,LANSING,MI,Midwest,Non-Profit,3,9,0.7400174698986108,High,0.0036,-0.0017999999999999,0.9641800712486012,0.0117347780759736,0.9704352243082466,6,5.875,186.0,-0.0403,462944558.0
110041,NORTHEAST GEORGIA MEDICAL CENTER HABERSHAM,DEMOREST,GA,South,Government,3,7,0.7397715031059707,High,0.0278,-0.01095,1.0361318611131325,-0.0046767033193706,1.0005906411535164,5,4.625,50.0,0.1461,90497463.0
340001,CAROLINAS MEDICAL CENTER-NORTHEAST,CONCORD,NC,South,Government,4,8,0.7360539153084599,High,0.0066,-0.0027999999999999,1.0271073132231163,-0.0108931471200641,0.9504527670801562,6,5.875,447.0,0.1887,958630099.0
90008,UNITED MEDICAL CENTER,WASHINGTON,DC,South,For-Profit,3,9,0.7358807887892572,High,0.0085,-0.00255,1.07009786123673,-0.0121329925296257,1.0249435411376293,4,4.125,126.0,-0.3886,89198963.0
180103,BAPTIST HEALTH LEXINGTON,LEXINGTON,KY,South,Non-Profit,4,8,0.7342942513640611,High,0.0002,-0.0001,0.9311306284990852,0.0217814124910758,0.9851812051860436,6,5.875,434.0,-0.0207,954163471.0
340119,STANLY REGIONAL MEDICAL CENTER,ALBEMARLE,NC,South,Non-Profit,3,9,0.7246682528475387,High,0.001,-0.0005,0.9667862651277448,0.0134961438048646,0.9896522688301383,5,4.875,97.0,0.1526,128652255.0
330024,MOUNT SINAI HOSPITAL,NEW YORK,NY,Northeast,Non-Profit,4,9,0.7245323770415245,High,0.0049,-0.00015,1.0452905267265078,-0.0214291115029158,0.9892789608726926,6,5.875,1046.0,-0.1807,3634097458.0
370025,SAINT FRANCIS HOSPITAL MUSKOGEE,MUSKOGEE,OK,South,Non-Profit,3,9,0.72062055159129,High,0.0094,0.0003999999999999,1.0428013032767651,-0.003218523198786,1.0407494245146849,5,4.875,236.0,0.1705,231992043.0
450571,SHANNON MEDICAL CENTER,SAN ANGELO,TX,South,Non-Profit,3,9,0.7143345236585373,High,0.0029,-0.00145,0.9359384025126612,0.018748768883562,0.99198991446009,6,5.875,377.0,0.1441,725544199.0
450617,HCA HOUSTON HEALTHCARE CLEAR LAKE,WEBSTER,TX,South,For-Profit,4,9,0.7138882014234541,High,0.0051,0.0032999999999999,1.0266878283335086,0.0037316835165812,1.0709202528645805,6,5.875,530.0,0.3852,795969053.0
360121,COMMUNITY HOSPITALS AND WELLNESS CENTERS,BRYAN,OH,Midwest,Non-Profit,3,9,0.7110558124652255,High,0.0006,-1.0717575599063451e-20,0.9678892967643256,-0.0017067123248372,0.9643838079118252,5,4.875,55.0,-0.1526,87842683.0
220084,EMERSON HOSPITAL -,W CONCORD,MA,Northeast,Non-Profit,5,7,0.7052408386619969,High,0.0002,-9.999999999999998e-05,0.9443826151479172,0.0138750190050103,0.969073482626624,5,4.875,111.0,-0.0386,386003891.0
10065,RUSSELL MEDICAL CENTER,ALEXANDER CITY,AL,South,Non-Profit,3,9,0.7049842123965055,High,0.03,-0.00795,1.1164896188789526,-0.0218986686506989,1.0308349225065083,5,4.875,45.0,-0.1934,72948863.0
50024,PARADISE VALLEY HOSPITAL,NATIONAL CITY,CA,West,For-Profit,3,9,0.7048254021704576,High,0.0037,-0.00185,1.0472591852797493,-0.0001329238909682,1.0070767855094973,5,4.875,244.0,0.0308,157810490.0
150112,COLUMBUS REGIONAL HOSPITAL,COLUMBUS,IN,Midwest,Government,4,8,0.6939269736259914,High,0.0042,-0.0020999999999999,0.9906408713494654,0.0056149956855112,0.9584951575099564,6,5.875,208.0,0.0213,407159216.0
450702,LONGVIEW REGIONAL MEDICAL CENTER,LONGVIEW,TX,South,For-Profit,3,9,0.693529892449656,High,0.0086,-0.00095,1.0069730778434252,0.0094552281268227,1.0388607706408632,6,5.875,213.0,0.0287,338676581.0
50140,KAISER FOUNDATION HOSPITAL FONTANA/ONTARIO,FONTANA,CA,West,Non-Profit,3,5,0.6887200155142209,High,0.0008,-0.0004,1.005117102510169,0.0021962823225537,0.9967130214812756,5,5.125,664.0,0.1144,1671954907.0
50014,SUTTER AMADOR HOSPITAL,JACKSON,CA,West,Non-Profit,4,9,0.6848901494191928,High,0.0022,9.999999999999944e-05,1.005201210949945,-0.0014315058545144,0.9779379509888038,5,4.875,52.0,0.016,110618164.0
10021,DALE MEDICAL CENTER,OZARK,AL,South,Government,0,8,0.6808654153544695,High,0.0032,-0.00095,0.9934089325274618,0.0024883992665845,0.9981086798314176,5,4.375,77.0,-0.2284,37033122.0
260091,SSM HEALTH ST MARY'S HOSPITAL - ST LOUIS,SAINT LOUIS,MO,Midwest,Non-Profit,3,7,0.6786621653674118,High,0.0015,-0.0007499999999999,0.9709689626534604,0.0099464846987563,0.9907513468084692,6,5.625,488.0,-0.0858,842507289.0
360189,MADISON HEALTH,LONDON,OH,Midwest,Non-Profit,3,9,0.6744740820576015,High,0.0016,0.0021499999999999,1.0378330717442268,-0.0077451734660951,1.01843202288557,5,4.75,45.0,0.1334,65208193.0
450876,LUBBOCK HEART HOSPITAL LP,LUBBOCK,TX,South,Government,2,9,0.6739148208306917,High,0.0266,-0.0081499999999999,1.0349963933499282,0.0003160771253192,1.0191282582063672,6,5.875,73.0,-0.0357,89160352.0
440082,ASCENSION SAINT THOMAS HOSPITAL,NASHVILLE,TN,South,Non-Profit,3,9,0.672125263358688,High,0.0003,0.0011499999999999,0.9498818476609616,-0.0002542631456232,0.9332079640149016,6,5.875,704.0,0.0561,1231642803.0
220126,NORWOOD HOSPITAL,NORWOOD,MA,Northeast,For-Profit,0,9,0.6708397058297125,High,0.0099,0.00535,1.0727161673750785,-0.0100724967357015,1.09323341977428,5,4.857142857142857,0.0,-0.8902,12788904.0
280105,CHI HEALTH MIDLANDS,PAPILLION,NE,Midwest,Non-Profit,4,8,0.6707060030136011,High,0.0024,0.00155,0.9919455375425562,0.0011323385707863,0.9998265270088617,5,4.875,28.0,-0.1175,49265577.0
50295,MERCY HOSPITAL,BAKERSFIELD,CA,West,Non-Profit,3,9,0.6661888598259118,High,0.007,-0.0033499999999999,1.0104759308015816,-0.0094648469834672,0.974697027937024,5,4.875,229.0,0.0304,416883811.0
50684,MENIFEE GLOBAL MEDICAL CENTER,SUN CITY,CA,West,For-Profit,0,8,0.6634911099881006,High,0.0035,-0.0010499999999999,1.0429989212250654,-0.0048392885746405,1.0009477657175214,5,4.875,84.0,-0.1246,48853017.0
420048,KERSHAWHEALTH,CAMDEN,SC,South,For-Profit,3,9,0.6611227676561644,High,0.0023,-4.999999999999983e-05,1.0100039675833827,-0.0050260328613839,0.9789558963356134,5,4.875,69.0,-0.1697,90523234.0
140292,UCHICAGO MEDICINE ADVENTHEALTH GLENOAKS,GLENDALE HEIGHTS,IL,Midwest,Non-Profit,3,9,0.6574387375447136,High,0.0028,-0.0013999999999999,1.0523932193532954,-0.0027977711284136,1.01855291310155,5,4.875,134.0,-0.2463,108919909.0
420086,PRISMA HEALTH BAPTIST,COLUMBIA,SC,South,Non-Profit,4,6,0.6557800211171831,High,0.0205,-0.0074,1.0461905536208216,-0.0144367615057367,0.9709189782981726,5,4.875,201.0,0.1737,335504898.0
520002,"ASPIRUS STEVENS POINT HOSPITAL & CLINICS, INC.",STEVENS POINT,WI,Midwest,Non-Profit,4,9,0.6528810848362079,High,0.0021,-0.00105,0.9904183898420524,0.0081522133109581,0.9782498307633594,5,4.875,82.0,0.1037,187400448.0
10130,ST VINCENT'S ST CLAIR,PELL CITY,AL,South,Non-Profit,3,9,0.6525233288018767,High,0.0124,-0.00555,0.9960165648698932,0.0030767077040299,0.9929007014239212,5,4.375,40.0,0.1491,54066667.0
110111,UNIVERSITY MCDUFFIE COUNTY REGIONAL MEDICAL CENTER,THOMSON,GA,South,Government,0,6,0.6523928692169599,High,0.0108,-0.0043999999999999,1.0317473675829123,-0.0016878658117699,1.0004792071919946,4,4.25,25.0,0.1358,34008811.0
50588,SAN DIMAS COMMUNITY HOSPITAL,SAN DIMAS,CA,West,For-Profit,2,8,0.6484936541171199,Moderate,0.0,0.0031499999999999,0.9781368102203212,0.0116983980859173,1.0439482337408872,5,4.875,94.0,-0.0454,69473753.0
520011,MARSHFIELD MEDICAL CENTER - RICE LAKE,RICE LAKE,WI,Midwest,Non-Profit,2,8,0.6480772556786354,Moderate,0.0007,0.0002499999999999,0.9684362625856284,0.0053696915229324,0.973425160932858,5,4.875,40.0,-0.0138,147626200.0
390063,UPMC HAMOT,ERIE,PA,Northeast,Non-Profit,3,9,0.6401258453378786,Moderate,0.0018,0.0020499999999999,0.9736658329068518,0.0040019886009731,1.0002974318160276,6,5.875,431.0,0.0074,635064867.0
530002,CAMPBELL COUNTY HEALTH,GILLETTE,WY,West,Government,3,9,0.6365284431300143,Moderate,0.0012,0.0025,0.96650760717616,0.0001649368741761,0.9684486124563804,5,4.875,66.0,-0.1827,186399747.0
140162,ST JOSEPH MEDICAL CENTER,BLOOMINGTON,IL,Midwest,Non-Profit,2,9,0.6355599795005652,Moderate,0.0043,0.0024,1.0048836039342344,0.0073678383522476,1.0259863653973922,6,5.875,131.0,0.1904,311789835.0
450101,BAYLOR SCOTT & WHITE MEDICAL CENTER HILLCREST,WACO,TX,South,Non-Profit,4,9,0.6339393044552408,Moderate,0.0093,-0.0046499999999999,1.0356050060696256,-0.0016709709414531,0.9870585974104606,6,5.875,236.0,-0.0195,563530352.0
110161,NORTHSIDE HOSPITAL,ATLANTA,GA,South,Non-Profit,3,8,0.6331353430303686,Moderate,0.0082,-0.0015,1.012769744320042,0.0038081772954251,1.0183955581482746,5,5.0,695.0,-0.1044,3499702536.0
240106,REGIONS HOSPITAL,SAINT PAUL,MN,Midwest,Non-Profit,3,8,0.629952758551076,Moderate,0.0006,-0.0003,0.9848990662078836,0.0153859953782546,0.996472330390113,6,5.875,433.0,-0.1065,982115071.0
150024,ESKENAZI HEALTH,INDIANAPOLIS,IN,Midwest,Government,3,5,0.6285335416729196,Moderate,0.001,-0.0005,0.9977913630449124,0.0105645414212321,0.9612482978880412,5,4.875,314.0,-0.566,658074549.0
240022,SANFORD WORTHINGTON MEDICAL CENTER,WORTHINGTON,MN,Midwest,Non-Profit,4,6,0.6280194671199566,Moderate,0.0027,-0.00025,0.9693748131257596,0.0041773250698324,0.9829106907784572,5,4.625,48.0,-0.0329,65034006.0
260065,MERCY HOSPITAL SPRINGFIELD,SPRINGFIELD,MO,Midwest,Non-Profit,3,7,0.6238143601473062,Moderate,0.0116,-0.0058,0.9542741138650208,0.0152654690599047,0.9572657582010892,6,5.875,621.0,0.149,1372051750.0
50636,PALOMAR MEDICAL CENTER POWAY,POWAY,CA,West,Government,4,9,0.6227940948832678,Moderate,0.016,-0.0079499999999999,1.015462932142065,-0.0003989760707274,0.987019056232632,5,4.875,119.0,-0.129,180089677.0
520083,SSM HEALTH ST MARY'S HOSPITAL - MADISON,MADISON,WI,Midwest,Non-Profit,4,6,0.6185055865727649,Moderate,0.0092,-0.0026,1.0051794673851937,-0.011739459951841,0.9569187150116152,6,5.875,354.0,0.2287,611069813.0
190090,WINN PARISH MEDICAL CENTER,WINNFIELD,LA,South,For-Profit,0,9,0.6180878874397314,Moderate,0.0016,0.0036999999999999,1.0093329338388664,-0.0028800796440445,1.0245408571432295,4,3.75,45.0,-0.0778,19143253.0
460052,TIMPANOGOS REGIONAL HOSPITAL,OREM,UT,West,For-Profit,4,9,0.6166787451010874,Moderate,0.0234,-0.0116999999999999,1.0228715530909749,0.0007689159537102,1.0022154986912042,6,5.875,117.0,0.4496,183616949.0
10108,PRATTVILLE BAPTIST HOSPITAL,PRATTVILLE,AL,South,Government,3,9,0.6162251378116522,Moderate,0.0009,-0.0003499999999999,0.9752822465185929,-0.0005726509443287,0.9772757169910404,4,3.875,49.0,-0.1153,60465244.0
320017,LOVELACE WOMEN'S HOSPITAL,ALBUQUERQUE,NM,West,For-Profit,4,9,0.6129595846164417,Moderate,0.0027,0.009,0.9824067763881328,0.0022407432925953,1.0067665079156154,5,4.75,162.0,0.1758,242487677.0
450079,BAYLOR SCOTT & WHITE MEDICAL CENTER AT IRVING,IRVING,TX,South,Non-Profit,5,9,0.6100365686229904,Moderate,0.0046,-0.00085,0.9840381772120328,0.0099066905881129,1.0052946709396524,6,5.5,269.0,-0.059,291804114.0
50104,SAINT FRANCIS MEDICAL CENTER,LYNWOOD,CA,West,Non-Profit,3,9,0.6050721397047601,Moderate,0.0006,0.0013499999999999,1.006047948996163,0.003026739349303,1.025557353214074,6,5.875,321.0,0.1884,475818254.0
450203,MEDICAL CITY WEATHERFORD,WEATHERFORD,TX,South,For-Profit,2,9,0.6029810196004887,Moderate,0.0046,-0.0005999999999999,0.9588626265945152,0.0162363761096305,1.0140051665064211,5,5.25,91.0,0.148,150626890.0
220035,NORTH SHORE MEDICAL CENTER -,SALEM,MA,Northeast,Non-Profit,5,7,0.6029553908149383,Moderate,0.0,0.0036999999999999,0.9581598415634692,0.0130858890617711,1.0269755289271996,6,5.375,281.0,-0.1399,684339897.0
520097,ST MARYS HOSPITAL MEDICAL CTR,GREEN BAY,WI,Midwest,Non-Profit,3,9,0.5950144960085757,Moderate,0.0064,0.0056999999999999,1.0042085520636026,-0.0083244697071393,1.004539457288903,5,4.875,72.0,-0.0213,144435945.0
50169,PIH HEALTH HOSPITAL-WHITTIER,WHITTIER,CA,West,Non-Profit,4,9,0.5949936996457509,Moderate,0.0072,0.0033,1.0489613312404646,-0.0098913018392039,1.048127181216702,6,5.875,405.0,-0.0093,951126744.0
450389,UT HEALTH EAST TEXAS ATHENS HOSPITAL,ATHENS,TX,South,For-Profit,2,8,0.5880974495274685,Moderate,0.0001,-5e-05,0.9709500001035892,0.0087716537058873,0.9812294057428664,5,4.875,127.0,0.1346,120196044.0
510055,"CABELL HUNTINGTON HOSPITAL, INC",HUNTINGTON,WV,South,Non-Profit,3,9,0.5852566011997131,Moderate,0.0017,-0.0008499999999999,0.9603963694131088,0.0067283213648658,0.9830164440292524,5,4.875,335.0,-0.0004,816888076.0
330153,ELLIS HOSPITAL,SCHENECTADY,NY,Northeast,Non-Profit,3,8,0.5821245193097956,Moderate,0.0003,0.0021499999999999,0.9431827142368334,0.012565292368024,0.9879490036267604,6,5.875,270.0,-0.0622,436505372.0
360066,MERCY HEALTH ST RITAS MEDICAL CENTER,LIMA,OH,Midwest,Non-Profit,4,9,0.5817286879514246,Moderate,0.0,0.0032999999999999,0.9515497341781436,0.0106704438864736,1.0131603232978996,6,5.875,327.0,0.0859,532900686.0
110082,"SAINT JOSEPH'S HOSPITAL OF ATLANTA, INC",ATLANTA,GA,South,Non-Profit,3,9,0.5739765314821866,Moderate,0.0125,-0.00295,1.0529149945990712,-0.0065327642920185,1.0224963561509468,6,5.875,370.0,0.0721,706414163.0
670075,ST LUKE'S HOSPITAL AT THE VINTAGE,HOUSTON,TX,South,Non-Profit,4,8,0.5676940861808323,Moderate,0.0,0.0033,0.9617535861958928,0.0053975406085971,1.010830905409105,6,5.375,102.0,-0.0683,111291828.0
360134,GOOD SAMARITAN HOSPITAL,CINCINNATI,OH,Midwest,Non-Profit,4,9,0.559435023641207,Moderate,0.0039,-0.00065,0.9792502775139406,0.0064709842880626,1.0098057149755668,6,5.625,362.0,-0.0002,972153399.0
140148,MEMORIAL MEDICAL CENTER,SPRINGFIELD,IL,Midwest,Non-Profit,3,9,0.5572224943742367,Moderate,0.001,0.0013999999999999,0.938179378762331,0.0119223643450084,0.9979818364407904,6,5.875,407.0,0.0078,889212974.0
330191,GLENS FALLS HOSPITAL,GLENS FALLS,NY,Northeast,Non-Profit,3,8,0.555075871431918,Moderate,0.0012,0.0014999999999999,0.936171485758596,0.0170582391317329,0.9748118594528729,5,4.875,391.0,-0.1345,425463933.0
50744,ANAHEIM GLOBAL MEDICAL CENTER,ANAHEIM,CA,West,For-Profit,2,7,0.5524791953853551,Moderate,0.0001,-5e-05,0.989957276141148,0.00063874769658,1.0087240805800022,5,5.75,103.0,-0.1515,73413289.0
50127,WOODLAND MEMORIAL HOSPITAL,WOODLAND,CA,West,Non-Profit,5,9,0.549850064023067,Moderate,0.0,0.0034999999999999,0.9628211648111746,0.0051688008048115,1.0185767023875014,5,4.875,74.0,-0.0156,235959461.0
200021,MAINEHEALTH MID COAST HOSPITAL,BRUNSWICK,ME,Northeast,Non-Profit,3,9,0.5478231363913914,Moderate,0.0062,-0.0031,1.0136905475142055,0.0030334573907748,0.99126517021253,5,4.875,93.0,0.0065,294130060.0
450672,MEDICAL CITY FORT WORTH,FORT WORTH,TX,South,For-Profit,2,8,0.544627045165971,Moderate,0.0044,0.0022999999999999,1.0117421217481537,-0.0065553668119839,1.0064141069342716,6,5.875,223.0,0.2302,456732020.0
160104,TRINITY - BETTENDORF,BETTENDORF,IA,Midwest,Non-Profit,3,9,0.5440319324650079,Moderate,0.01,0.0034,1.035627108745576,-0.0163963202208001,1.0012457773097,5,4.875,80.0,0.0327,102250236.0
50663,LOS ANGELES COMMUNITY HOSPITAL,LOS ANGELES,CA,West,For-Profit,3,8,0.5436803133483624,Moderate,0.0013,-0.0005499999999999,1.0460867638370883,-0.0087170024368655,0.9883511672466752,5,4.75,173.0,-0.1123,155242785.0
450137,BAYLOR SCOTT AND WHITE ALL SAINTS MEDICAL CENTER,FORT WORTH,TX,South,Non-Profit,4,9,0.5420136946489551,Moderate,0.001,0.0005499999999999,1.0026742997632565,0.0044659540549225,1.0180788903471092,6,5.875,457.0,0.1271,652543839.0
110027,"TY COBB REGIONAL MEDICAL CENTER, LLC",LAVONIA,GA,South,Non-Profit,3,9,0.541434079715533,Moderate,0.0067,0.0026,1.0045724021435842,0.0009637007256465,1.0245382020318812,5,4.875,56.0,-0.1075,44343756.0
390330,ST LUKE'S HOSPITAL - MONROE CAMPUS,STROUDSBURG,PA,Northeast,Non-Profit,5,7,0.5394330614614293,Moderate,0.0019,0.0035999999999999,0.9875711674,0.0123427399759678,1.0177142510314825,5,4.857142857142857,134.0,0.1377,245552887.0
410013,WESTERLY HOSPITAL,WESTERLY,RI,Northeast,Non-Profit,4,9,0.5372018630615382,Moderate,0.0016,-0.0004999999999999,0.9986813293926428,-0.0054590643858151,0.979320864659526,5,4.875,70.0,-0.0912,125755208.0
360070,MERCY MEDICAL CENTER,CANTON,OH,Midwest,Non-Profit,3,9,0.5364777766811286,Moderate,0.0041,0.0008499999999999,0.9924272814597868,0.0021509234628717,0.9842863107434238,6,5.875,317.0,-0.0135,429294342.0
100267,HCA FLORIDA ENGLEWOOD HOSPITAL,ENGLEWOOD,FL,South,For-Profit,3,9,0.5352902206018065,Moderate,0.0014,0.00415,0.991009471195011,0.0019376681705438,1.0214293034677433,5,4.875,88.0,0.1586,81105467.0
240044,WINONA HEALTH SERVICES,WINONA,MN,Midwest,Non-Profit,2,9,0.5338995602000596,Moderate,0.0074,-0.00355,1.022321802164854,-0.0046186446588335,0.9924387889286964,5,4.875,49.0,-0.2978,104749057.0
50740,CEDAR-SINAI MARINA DEL REY HOSPITAL,MARINA DEL REY,CA,West,For-Profit,4,9,0.5319479472969586,Moderate,0.0007,0.0010999999999999,0.9769319244450508,0.0108690559193878,1.0207975081054048,5,4.875,103.0,-0.104,165953656.0
290049,RENOWN SOUTH MEADOWS MEDICAL CENTER,RENO,NV,West,Non-Profit,3,9,0.531400216388462,Moderate,0.0,0.0132499999999999,0.9635949898358608,0.0087813852424759,1.0161574073896695,5,4.875,60.0,0.113,204825141.0
390225,WELLSPAN EPHRATA COMMUNITY HOSPITAL,EPHRATA,PA,Northeast,Non-Profit,5,9,0.5294520328550504,Moderate,0.0077,0.00175,0.947591799338317,-0.0015987350344108,0.953248468480952,5,4.875,115.0,0.0633,298930677.0
670120,THE HOSPITALS OF PROVIDENCE TRANSMOUNTAIN CAMPUS,EL PASO,TX,South,For-Profit,2,6,0.5259384554472739,Moderate,0.0,0.0063999999999999,1.0082868996,0.0067202436905417,1.0348259434778568,5,4.857142857142857,108.0,0.1322,170183378.0
670076,BAYLOR SCOTT AND WHITE SURGICAL HOSPITAL AT SHERMA,SHERMAN,TX,South,Other,3,7,0.5156597680371586,Moderate,0.03,-0.0149999999999999,1.141953808950406,-0.0099517583594903,1.0513429658732012,2,2.0,12.0,0.1849,56186581.0
50407,CHINESE HOSPITAL,SAN FRANCISCO,CA,West,Non-Profit,2,8,0.5115253064318352,Moderate,0.0043,-0.00215,0.9945922242508468,0.0085959588346192,0.9996194043229568,5,4.875,58.0,-0.6556,100030308.0
100320,HCA FLORIDA POINCIANA HOSPITAL,KISSIMMEE,FL,South,For-Profit,2,9,0.5063441155599523,Moderate,0.002,0.0041999999999999,0.9953819147460556,0.0015392488853516,1.022666181900194,5,4.625,94.0,0.3042,136461249.0
100281,MEMORIAL HOSPITAL WEST,PEMBROKE PINES,FL,South,Government,3,9,0.5036293713058381,Moderate,0.0003,0.00145,0.981214095824263,0.0100854950959059,1.0070142724855948,5,4.875,486.0,0.0638,889911232.0
